community_code,community_name,division_name,region,community_status
00001,Community_00001,Region_1_Div_1,Region_1,Active
00002,Community_00002,Region_1_Div_1,Region_1,Active
00003,Community_00003,Region_1_Div_1,Region_1,Active
00004,Community_00004,Region_1_Div_1,Region_1,Active
00005,Community_00005,Region_1_Div_1,Region_1,Active
00006,Community_00006,Region_1_Div_1,Region_1,Active
00007,Community_00007,Region_1_Div_1,Region_1,Active
00008,Community_00008,Region_1_Div_1,Region_1,Active
00009,Community_00009,Region_1_Div_1,Region_1,Active
00010,Community_00010,Region_1_Div_1,Region_1,Active
00011,Community_00011,Region_1_Div_1,Region_1,Active
00012,Community_00012,Region_1_Div_1,Region_1,Active
00013,Community_00013,Region_1_Div_1,Region_1,Active
00014,Community_00014,Region_1_Div_1,Region_1,Active
00015,Community_00015,Region_1_Div_1,Region_1,Active
00016,Community_00016,Region_1_Div_1,Region_1,Active
00017,Community_00017,Region_1_Div_1,Region_1,Active
00018,Community_00018,Region_1_Div_1,Region_1,Active
00019,Community_00019,Region_1_Div_1,Region_1,Active
00020,Community_00020,Region_1_Div_1,Region_1,Active
00021,Community_00021,Region_1_Div_1,Region_1,Active
00022,Community_00022,Region_1_Div_1,Region_1,Active
00023,Community_00023,Region_1_Div_1,Region_1,Active
00024,Community_00024,Region_1_Div_1,Region_1,Active
00025,Community_00025,Region_1_Div_1,Region_1,Active
00026,Community_00026,Region_1_Div_1,Region_1,Active
00027,Community_00027,Region_1_Div_1,Region_1,Active
00028,Community_00028,Region_1_Div_1,Region_1,Active
00029,Community_00029,Region_1_Div_1,Region_1,Active
00030,Community_00030,Region_1_Div_1,Region_1,Active
00031,Community_00031,Region_1_Div_1,Region_1,Active
00032,Community_00032,Region_1_Div_1,Region_1,Active
00033,Community_00033,Region_1_Div_1,Region_1,Active
00034,Community_00034,Region_1_Div_1,Region_1,Active
00035,Community_00035,Region_1_Div_1,Region_1,Active
00036,Community_00036,Region_1_Div_1,Region_1,Active
00037,Community_00037,Region_1_Div_1,Region_1,Active
00038,Community_00038,Region_1_Div_1,Region_1,Active
00039,Community_00039,Region_1_Div_1,Region_1,Active
00040,Community_00040,Region_1_Div_1,Region_1,Active
00041,Community_00041,Region_1_Div_1,Region_1,Active
00042,Community_00042,Region_1_Div_1,Region_1,Active
00043,Community_00043,Region_1_Div_1,Region_1,Active
00044,Community_00044,Region_1_Div_1,Region_1,Active
00045,Community_00045,Region_1_Div_1,Region_1,Active
00046,Community_00046,Region_1_Div_1,Region_1,Active
00047,Community_00047,Region_1_Div_1,Region_1,Active
00048,Community_00048,Region_1_Div_1,Region_1,Active
00049,Community_00049,Region_1_Div_1,Region_1,Active
00050,Community_00050,Region_1_Div_1,Region_1,Active
00051,Community_00051,Region_1_Div_2,Region_1,Active
00052,Community_00052,Region_1_Div_2,Region_1,Active
00053,Community_00053,Region_1_Div_2,Region_1,Active
00054,Community_00054,Region_1_Div_2,Region_1,Active
00055,Community_00055,Region_1_Div_2,Region_1,Active
00056,Community_00056,Region_1_Div_2,Region_1,Active
00057,Community_00057,Region_1_Div_2,Region_1,Active
00058,Community_00058,Region_1_Div_2,Region_1,Active
00059,Community_00059,Region_1_Div_2,Region_1,Active
00060,Community_00060,Region_1_Div_2,Region_1,Active
00061,Community_00061,Region_1_Div_2,Region_1,Active
00062,Community_00062,Region_1_Div_2,Region_1,Active
00063,Community_00063,Region_1_Div_2,Region_1,Active
00064,Community_00064,Region_1_Div_2,Region_1,Active
00065,Community_00065,Region_1_Div_2,Region_1,Active
00066,Community_00066,Region_1_Div_2,Region_1,Active
00067,Community_00067,Region_1_Div_2,Region_1,Active
00068,Community_00068,Region_1_Div_2,Region_1,Active
00069,Community_00069,Region_1_Div_2,Region_1,Active
00070,Community_00070,Region_1_Div_2,Region_1,Active
00071,Community_00071,Region_1_Div_2,Region_1,Active
00072,Community_00072,Region_1_Div_2,Region_1,Active
00073,Community_00073,Region_1_Div_2,Region_1,Active
00074,Community_00074,Region_1_Div_2,Region_1,Active
00075,Community_00075,Region_1_Div_2,Region_1,Active
00076,Community_00076,Region_1_Div_2,Region_1,Active
00077,Community_00077,Region_1_Div_2,Region_1,Active
00078,Community_00078,Region_1_Div_2,Region_1,Active
00079,Community_00079,Region_1_Div_2,Region_1,Active
00080,Community_00080,Region_1_Div_2,Region_1,Active
00081,Community_00081,Region_1_Div_2,Region_1,Active
00082,Community_00082,Region_1_Div_2,Region_1,Active
00083,Community_00083,Region_1_Div_2,Region_1,Active
00084,Community_00084,Region_1_Div_2,Region_1,Active
00085,Community_00085,Region_1_Div_2,Region_1,Active
00086,Community_00086,Region_1_Div_2,Region_1,Active
00087,Community_00087,Region_1_Div_2,Region_1,Active
00088,Community_00088,Region_1_Div_2,Region_1,Active
00089,Community_00089,Region_1_Div_2,Region_1,Active
00090,Community_00090,Region_1_Div_2,Region_1,Active
00091,Community_00091,Region_1_Div_2,Region_1,Active
00092,Community_00092,Region_1_Div_2,Region_1,Active
00093,Community_00093,Region_1_Div_2,Region_1,Active
00094,Community_00094,Region_1_Div_2,Region_1,Active
00095,Community_00095,Region_1_Div_2,Region_1,Active
00096,Community_00096,Region_1_Div_2,Region_1,Active
00097,Community_00097,Region_1_Div_2,Region_1,Active
00098,Community_00098,Region_1_Div_2,Region_1,Active
00099,Community_00099,Region_1_Div_2,Region_1,Active
00100,Community_00100,Region_1_Div_2,Region_1,Active
00101,Community_00101,Region_1_Div_3,Region_1,Active
00102,Community_00102,Region_1_Div_3,Region_1,Active
00103,Community_00103,Region_1_Div_3,Region_1,Active
00104,Community_00104,Region_1_Div_3,Region_1,Active
00105,Community_00105,Region_1_Div_3,Region_1,Active
00106,Community_00106,Region_1_Div_3,Region_1,Active
00107,Community_00107,Region_1_Div_3,Region_1,Active
00108,Community_00108,Region_1_Div_3,Region_1,Active
00109,Community_00109,Region_1_Div_3,Region_1,Active
00110,Community_00110,Region_1_Div_3,Region_1,Active
00111,Community_00111,Region_1_Div_3,Region_1,Active
00112,Community_00112,Region_1_Div_3,Region_1,Active
00113,Community_00113,Region_1_Div_3,Region_1,Active
00114,Community_00114,Region_1_Div_3,Region_1,Active
00115,Community_00115,Region_1_Div_3,Region_1,Active
00116,Community_00116,Region_1_Div_3,Region_1,Active
00117,Community_00117,Region_1_Div_3,Region_1,Active
00118,Community_00118,Region_1_Div_3,Region_1,Active
00119,Community_00119,Region_1_Div_3,Region_1,Active
00120,Community_00120,Region_1_Div_3,Region_1,Active
00121,Community_00121,Region_1_Div_3,Region_1,Active
00122,Community_00122,Region_1_Div_3,Region_1,Active
00123,Community_00123,Region_1_Div_3,Region_1,Active
00124,Community_00124,Region_1_Div_3,Region_1,Active
00125,Community_00125,Region_1_Div_3,Region_1,Active
00126,Community_00126,Region_1_Div_3,Region_1,Active
00127,Community_00127,Region_1_Div_3,Region_1,Active
00128,Community_00128,Region_1_Div_3,Region_1,Active
00129,Community_00129,Region_1_Div_3,Region_1,Active
00130,Community_00130,Region_1_Div_3,Region_1,Active
00131,Community_00131,Region_1_Div_3,Region_1,Active
00132,Community_00132,Region_1_Div_3,Region_1,Active
00133,Community_00133,Region_1_Div_3,Region_1,Active
00134,Community_00134,Region_1_Div_3,Region_1,Active
00135,Community_00135,Region_1_Div_3,Region_1,Active
00136,Community_00136,Region_1_Div_3,Region_1,Active
00137,Community_00137,Region_1_Div_3,Region_1,Active
00138,Community_00138,Region_1_Div_3,Region_1,Active
00139,Community_00139,Region_1_Div_3,Region_1,Active
00140,Community_00140,Region_1_Div_3,Region_1,Active
00141,Community_00141,Region_1_Div_3,Region_1,Active
00142,Community_00142,Region_1_Div_3,Region_1,Active
00143,Community_00143,Region_1_Div_3,Region_1,Active
00144,Community_00144,Region_1_Div_3,Region_1,Active
00145,Community_00145,Region_1_Div_3,Region_1,Active
00146,Community_00146,Region_1_Div_3,Region_1,Active
00147,Community_00147,Region_1_Div_3,Region_1,Active
00148,Community_00148,Region_1_Div_3,Region_1,Active
00149,Community_00149,Region_1_Div_3,Region_1,Active
00150,Community_00150,Region_1_Div_3,Region_1,Active
00151,Community_00151,Region_1_Div_4,Region_1,Active
00152,Community_00152,Region_1_Div_4,Region_1,Active
00153,Community_00153,Region_1_Div_4,Region_1,Active
00154,Community_00154,Region_1_Div_4,Region_1,Active
00155,Community_00155,Region_1_Div_4,Region_1,Active
00156,Community_00156,Region_1_Div_4,Region_1,Active
00157,Community_00157,Region_1_Div_4,Region_1,Active
00158,Community_00158,Region_1_Div_4,Region_1,Active
00159,Community_00159,Region_1_Div_4,Region_1,Active
00160,Community_00160,Region_1_Div_4,Region_1,Active
00161,Community_00161,Region_1_Div_4,Region_1,Active
00162,Community_00162,Region_1_Div_4,Region_1,Active
00163,Community_00163,Region_1_Div_4,Region_1,Active
00164,Community_00164,Region_1_Div_4,Region_1,Active
00165,Community_00165,Region_1_Div_4,Region_1,Active
00166,Community_00166,Region_1_Div_4,Region_1,Active
00167,Community_00167,Region_1_Div_4,Region_1,Active
00168,Community_00168,Region_1_Div_4,Region_1,Active
00169,Community_00169,Region_1_Div_4,Region_1,Active
00170,Community_00170,Region_1_Div_4,Region_1,Active
00171,Community_00171,Region_1_Div_4,Region_1,Active
00172,Community_00172,Region_1_Div_4,Region_1,Active
00173,Community_00173,Region_1_Div_4,Region_1,Active
00174,Community_00174,Region_1_Div_4,Region_1,Active
00175,Community_00175,Region_1_Div_4,Region_1,Active
00176,Community_00176,Region_1_Div_4,Region_1,Active
00177,Community_00177,Region_1_Div_4,Region_1,Active
00178,Community_00178,Region_1_Div_4,Region_1,Active
00179,Community_00179,Region_1_Div_4,Region_1,Active
00180,Community_00180,Region_1_Div_4,Region_1,Active
00181,Community_00181,Region_1_Div_4,Region_1,Active
00182,Community_00182,Region_1_Div_4,Region_1,Active
00183,Community_00183,Region_1_Div_4,Region_1,Active
00184,Community_00184,Region_1_Div_4,Region_1,Active
00185,Community_00185,Region_1_Div_4,Region_1,Active
00186,Community_00186,Region_1_Div_4,Region_1,Active
00187,Community_00187,Region_1_Div_4,Region_1,Active
00188,Community_00188,Region_1_Div_4,Region_1,Active
00189,Community_00189,Region_1_Div_4,Region_1,Active
00190,Community_00190,Region_1_Div_4,Region_1,Active
00191,Community_00191,Region_1_Div_4,Region_1,Active
00192,Community_00192,Region_1_Div_4,Region_1,Active
00193,Community_00193,Region_1_Div_4,Region_1,Active
00194,Community_00194,Region_1_Div_4,Region_1,Active
00195,Community_00195,Region_1_Div_4,Region_1,Active
00196,Community_00196,Region_1_Div_4,Region_1,Active
00197,Community_00197,Region_1_Div_4,Region_1,Active
00198,Community_00198,Region_1_Div_4,Region_1,Active
00199,Community_00199,Region_1_Div_4,Region_1,Active
00200,Community_00200,Region_1_Div_4,Region_1,Active
00201,Community_00201,Region_2_Div_1,Region_2,Active
00202,Community_00202,Region_2_Div_1,Region_2,Active
00203,Community_00203,Region_2_Div_1,Region_2,Active
00204,Community_00204,Region_2_Div_1,Region_2,Active
00205,Community_00205,Region_2_Div_1,Region_2,Active
00206,Community_00206,Region_2_Div_1,Region_2,Active
00207,Community_00207,Region_2_Div_1,Region_2,Active
00208,Community_00208,Region_2_Div_1,Region_2,Active
00209,Community_00209,Region_2_Div_1,Region_2,Active
00210,Community_00210,Region_2_Div_1,Region_2,Active
00211,Community_00211,Region_2_Div_1,Region_2,Active
00212,Community_00212,Region_2_Div_1,Region_2,Active
00213,Community_00213,Region_2_Div_1,Region_2,Active
00214,Community_00214,Region_2_Div_1,Region_2,Active
00215,Community_00215,Region_2_Div_1,Region_2,Active
00216,Community_00216,Region_2_Div_1,Region_2,Active
00217,Community_00217,Region_2_Div_1,Region_2,Active
00218,Community_00218,Region_2_Div_1,Region_2,Active
00219,Community_00219,Region_2_Div_1,Region_2,Active
00220,Community_00220,Region_2_Div_1,Region_2,Active
00221,Community_00221,Region_2_Div_1,Region_2,Active
00222,Community_00222,Region_2_Div_1,Region_2,Active
00223,Community_00223,Region_2_Div_1,Region_2,Active
00224,Community_00224,Region_2_Div_1,Region_2,Active
00225,Community_00225,Region_2_Div_1,Region_2,Active
00226,Community_00226,Region_2_Div_1,Region_2,Active
00227,Community_00227,Region_2_Div_1,Region_2,Active
00228,Community_00228,Region_2_Div_1,Region_2,Active
00229,Community_00229,Region_2_Div_1,Region_2,Active
00230,Community_00230,Region_2_Div_1,Region_2,Active
00231,Community_00231,Region_2_Div_1,Region_2,Active
00232,Community_00232,Region_2_Div_1,Region_2,Active
00233,Community_00233,Region_2_Div_1,Region_2,Active
00234,Community_00234,Region_2_Div_1,Region_2,Active
00235,Community_00235,Region_2_Div_1,Region_2,Active
00236,Community_00236,Region_2_Div_1,Region_2,Active
00237,Community_00237,Region_2_Div_1,Region_2,Active
00238,Community_00238,Region_2_Div_1,Region_2,Active
00239,Community_00239,Region_2_Div_1,Region_2,Active
00240,Community_00240,Region_2_Div_1,Region_2,Active
00241,Community_00241,Region_2_Div_1,Region_2,Active
00242,Community_00242,Region_2_Div_1,Region_2,Active
00243,Community_00243,Region_2_Div_1,Region_2,Active
00244,Community_00244,Region_2_Div_1,Region_2,Active
00245,Community_00245,Region_2_Div_1,Region_2,Active
00246,Community_00246,Region_2_Div_1,Region_2,Active
00247,Community_00247,Region_2_Div_1,Region_2,Active
00248,Community_00248,Region_2_Div_1,Region_2,Active
00249,Community_00249,Region_2_Div_1,Region_2,Active
00250,Community_00250,Region_2_Div_1,Region_2,Active
00251,Community_00251,Region_2_Div_2,Region_2,Active
00252,Community_00252,Region_2_Div_2,Region_2,Active
00253,Community_00253,Region_2_Div_2,Region_2,Active
00254,Community_00254,Region_2_Div_2,Region_2,Active
00255,Community_00255,Region_2_Div_2,Region_2,Active
00256,Community_00256,Region_2_Div_2,Region_2,Active
00257,Community_00257,Region_2_Div_2,Region_2,Active
00258,Community_00258,Region_2_Div_2,Region_2,Active
00259,Community_00259,Region_2_Div_2,Region_2,Active
00260,Community_00260,Region_2_Div_2,Region_2,Active
00261,Community_00261,Region_2_Div_2,Region_2,Active
00262,Community_00262,Region_2_Div_2,Region_2,Active
00263,Community_00263,Region_2_Div_2,Region_2,Active
00264,Community_00264,Region_2_Div_2,Region_2,Active
00265,Community_00265,Region_2_Div_2,Region_2,Active
00266,Community_00266,Region_2_Div_2,Region_2,Active
00267,Community_00267,Region_2_Div_2,Region_2,Active
00268,Community_00268,Region_2_Div_2,Region_2,Active
00269,Community_00269,Region_2_Div_2,Region_2,Active
00270,Community_00270,Region_2_Div_2,Region_2,Active
00271,Community_00271,Region_2_Div_2,Region_2,Active
00272,Community_00272,Region_2_Div_2,Region_2,Active
00273,Community_00273,Region_2_Div_2,Region_2,Active
00274,Community_00274,Region_2_Div_2,Region_2,Active
00275,Community_00275,Region_2_Div_2,Region_2,Active
00276,Community_00276,Region_2_Div_2,Region_2,Active
00277,Community_00277,Region_2_Div_2,Region_2,Active
00278,Community_00278,Region_2_Div_2,Region_2,Active
00279,Community_00279,Region_2_Div_2,Region_2,Active
00280,Community_00280,Region_2_Div_2,Region_2,Active
00281,Community_00281,Region_2_Div_2,Region_2,Active
00282,Community_00282,Region_2_Div_2,Region_2,Active
00283,Community_00283,Region_2_Div_2,Region_2,Active
00284,Community_00284,Region_2_Div_2,Region_2,Active
00285,Community_00285,Region_2_Div_2,Region_2,Active
00286,Community_00286,Region_2_Div_2,Region_2,Active
00287,Community_00287,Region_2_Div_2,Region_2,Active
00288,Community_00288,Region_2_Div_2,Region_2,Active
00289,Community_00289,Region_2_Div_2,Region_2,Active
00290,Community_00290,Region_2_Div_2,Region_2,Active
00291,Community_00291,Region_2_Div_2,Region_2,Active
00292,Community_00292,Region_2_Div_2,Region_2,Active
00293,Community_00293,Region_2_Div_2,Region_2,Active
00294,Community_00294,Region_2_Div_2,Region_2,Active
00295,Community_00295,Region_2_Div_2,Region_2,Active
00296,Community_00296,Region_2_Div_2,Region_2,Active
00297,Community_00297,Region_2_Div_2,Region_2,Active
00298,Community_00298,Region_2_Div_2,Region_2,Active
00299,Community_00299,Region_2_Div_2,Region_2,Active
00300,Community_00300,Region_2_Div_2,Region_2,Active
00301,Community_00301,Region_2_Div_3,Region_2,Active
00302,Community_00302,Region_2_Div_3,Region_2,Active
00303,Community_00303,Region_2_Div_3,Region_2,Active
00304,Community_00304,Region_2_Div_3,Region_2,Active
00305,Community_00305,Region_2_Div_3,Region_2,Active
00306,Community_00306,Region_2_Div_3,Region_2,Active
00307,Community_00307,Region_2_Div_3,Region_2,Active
00308,Community_00308,Region_2_Div_3,Region_2,Active
00309,Community_00309,Region_2_Div_3,Region_2,Active
00310,Community_00310,Region_2_Div_3,Region_2,Active
00311,Community_00311,Region_2_Div_3,Region_2,Active
00312,Community_00312,Region_2_Div_3,Region_2,Active
00313,Community_00313,Region_2_Div_3,Region_2,Active
00314,Community_00314,Region_2_Div_3,Region_2,Active
00315,Community_00315,Region_2_Div_3,Region_2,Active
00316,Community_00316,Region_2_Div_3,Region_2,Active
00317,Community_00317,Region_2_Div_3,Region_2,Active
00318,Community_00318,Region_2_Div_3,Region_2,Active
00319,Community_00319,Region_2_Div_3,Region_2,Active
00320,Community_00320,Region_2_Div_3,Region_2,Active
00321,Community_00321,Region_2_Div_3,Region_2,Active
00322,Community_00322,Region_2_Div_3,Region_2,Active
00323,Community_00323,Region_2_Div_3,Region_2,Active
00324,Community_00324,Region_2_Div_3,Region_2,Active
00325,Community_00325,Region_2_Div_3,Region_2,Active
00326,Community_00326,Region_2_Div_3,Region_2,Active
00327,Community_00327,Region_2_Div_3,Region_2,Active
00328,Community_00328,Region_2_Div_3,Region_2,Active
00329,Community_00329,Region_2_Div_3,Region_2,Active
00330,Community_00330,Region_2_Div_3,Region_2,Active
00331,Community_00331,Region_2_Div_3,Region_2,Active
00332,Community_00332,Region_2_Div_3,Region_2,Active
00333,Community_00333,Region_2_Div_3,Region_2,Active
00334,Community_00334,Region_2_Div_3,Region_2,Active
00335,Community_00335,Region_2_Div_3,Region_2,Active
00336,Community_00336,Region_2_Div_3,Region_2,Active
00337,Community_00337,Region_2_Div_3,Region_2,Active
00338,Community_00338,Region_2_Div_3,Region_2,Active
00339,Community_00339,Region_2_Div_3,Region_2,Active
00340,Community_00340,Region_2_Div_3,Region_2,Active
00341,Community_00341,Region_2_Div_3,Region_2,Active
00342,Community_00342,Region_2_Div_3,Region_2,Active
00343,Community_00343,Region_2_Div_3,Region_2,Active
00344,Community_00344,Region_2_Div_3,Region_2,Active
00345,Community_00345,Region_2_Div_3,Region_2,Active
00346,Community_00346,Region_2_Div_3,Region_2,Active
00347,Community_00347,Region_2_Div_3,Region_2,Active
00348,Community_00348,Region_2_Div_3,Region_2,Active
00349,Community_00349,Region_2_Div_3,Region_2,Active
00350,Community_00350,Region_2_Div_3,Region_2,Active
00351,Community_00351,Region_2_Div_4,Region_2,Active
00352,Community_00352,Region_2_Div_4,Region_2,Active
00353,Community_00353,Region_2_Div_4,Region_2,Active
00354,Community_00354,Region_2_Div_4,Region_2,Active
00355,Community_00355,Region_2_Div_4,Region_2,Active
00356,Community_00356,Region_2_Div_4,Region_2,Active
00357,Community_00357,Region_2_Div_4,Region_2,Active
00358,Community_00358,Region_2_Div_4,Region_2,Active
00359,Community_00359,Region_2_Div_4,Region_2,Active
00360,Community_00360,Region_2_Div_4,Region_2,Active
00361,Community_00361,Region_2_Div_4,Region_2,Active
00362,Community_00362,Region_2_Div_4,Region_2,Active
00363,Community_00363,Region_2_Div_4,Region_2,Active
00364,Community_00364,Region_2_Div_4,Region_2,Active
00365,Community_00365,Region_2_Div_4,Region_2,Active
00366,Community_00366,Region_2_Div_4,Region_2,Active
00367,Community_00367,Region_2_Div_4,Region_2,Active
00368,Community_00368,Region_2_Div_4,Region_2,Active
00369,Community_00369,Region_2_Div_4,Region_2,Active
00370,Community_00370,Region_2_Div_4,Region_2,Active
00371,Community_00371,Region_2_Div_4,Region_2,Active
00372,Community_00372,Region_2_Div_4,Region_2,Active
00373,Community_00373,Region_2_Div_4,Region_2,Active
00374,Community_00374,Region_2_Div_4,Region_2,Active
00375,Community_00375,Region_2_Div_4,Region_2,Active
00376,Community_00376,Region_2_Div_4,Region_2,Active
00377,Community_00377,Region_2_Div_4,Region_2,Active
00378,Community_00378,Region_2_Div_4,Region_2,Active
00379,Community_00379,Region_2_Div_4,Region_2,Active
00380,Community_00380,Region_2_Div_4,Region_2,Active
00381,Community_00381,Region_2_Div_4,Region_2,Active
00382,Community_00382,Region_2_Div_4,Region_2,Active
00383,Community_00383,Region_2_Div_4,Region_2,Active
00384,Community_00384,Region_2_Div_4,Region_2,Active
00385,Community_00385,Region_2_Div_4,Region_2,Active
00386,Community_00386,Region_2_Div_4,Region_2,Active
00387,Community_00387,Region_2_Div_4,Region_2,Active
00388,Community_00388,Region_2_Div_4,Region_2,Active
00389,Community_00389,Region_2_Div_4,Region_2,Active
00390,Community_00390,Region_2_Div_4,Region_2,Active
00391,Community_00391,Region_2_Div_4,Region_2,Active
00392,Community_00392,Region_2_Div_4,Region_2,Active
00393,Community_00393,Region_2_Div_4,Region_2,Active
00394,Community_00394,Region_2_Div_4,Region_2,Active
00395,Community_00395,Region_2_Div_4,Region_2,Active
00396,Community_00396,Region_2_Div_4,Region_2,Active
00397,Community_00397,Region_2_Div_4,Region_2,Active
00398,Community_00398,Region_2_Div_4,Region_2,Active
00399,Community_00399,Region_2_Div_4,Region_2,Active
00400,Community_00400,Region_2_Div_4,Region_2,Active
00401,Community_00401,Region_3_Div_1,Region_3,Active
00402,Community_00402,Region_3_Div_1,Region_3,Active
00403,Community_00403,Region_3_Div_1,Region_3,Active
00404,Community_00404,Region_3_Div_1,Region_3,Active
00405,Community_00405,Region_3_Div_1,Region_3,Active
00406,Community_00406,Region_3_Div_1,Region_3,Active
00407,Community_00407,Region_3_Div_1,Region_3,Active
00408,Community_00408,Region_3_Div_1,Region_3,Active
00409,Community_00409,Region_3_Div_1,Region_3,Active
00410,Community_00410,Region_3_Div_1,Region_3,Active
00411,Community_00411,Region_3_Div_1,Region_3,Active
00412,Community_00412,Region_3_Div_1,Region_3,Active
00413,Community_00413,Region_3_Div_1,Region_3,Active
00414,Community_00414,Region_3_Div_1,Region_3,Active
00415,Community_00415,Region_3_Div_1,Region_3,Active
00416,Community_00416,Region_3_Div_1,Region_3,Active
00417,Community_00417,Region_3_Div_1,Region_3,Active
00418,Community_00418,Region_3_Div_1,Region_3,Active
00419,Community_00419,Region_3_Div_1,Region_3,Active
00420,Community_00420,Region_3_Div_1,Region_3,Active
00421,Community_00421,Region_3_Div_1,Region_3,Active
00422,Community_00422,Region_3_Div_1,Region_3,Active
00423,Community_00423,Region_3_Div_1,Region_3,Active
00424,Community_00424,Region_3_Div_1,Region_3,Active
00425,Community_00425,Region_3_Div_1,Region_3,Active
00426,Community_00426,Region_3_Div_1,Region_3,Active
00427,Community_00427,Region_3_Div_1,Region_3,Active
00428,Community_00428,Region_3_Div_1,Region_3,Active
00429,Community_00429,Region_3_Div_1,Region_3,Active
00430,Community_00430,Region_3_Div_1,Region_3,Active
00431,Community_00431,Region_3_Div_1,Region_3,Active
00432,Community_00432,Region_3_Div_1,Region_3,Active
00433,Community_00433,Region_3_Div_1,Region_3,Active
00434,Community_00434,Region_3_Div_1,Region_3,Active
00435,Community_00435,Region_3_Div_1,Region_3,Active
00436,Community_00436,Region_3_Div_1,Region_3,Active
00437,Community_00437,Region_3_Div_1,Region_3,Active
00438,Community_00438,Region_3_Div_1,Region_3,Active
00439,Community_00439,Region_3_Div_1,Region_3,Active
00440,Community_00440,Region_3_Div_1,Region_3,Active
00441,Community_00441,Region_3_Div_1,Region_3,Active
00442,Community_00442,Region_3_Div_1,Region_3,Active
00443,Community_00443,Region_3_Div_1,Region_3,Active
00444,Community_00444,Region_3_Div_1,Region_3,Active
00445,Community_00445,Region_3_Div_1,Region_3,Active
00446,Community_00446,Region_3_Div_1,Region_3,Active
00447,Community_00447,Region_3_Div_1,Region_3,Active
00448,Community_00448,Region_3_Div_1,Region_3,Active
00449,Community_00449,Region_3_Div_1,Region_3,Active
00450,Community_00450,Region_3_Div_1,Region_3,Active
00451,Community_00451,Region_3_Div_2,Region_3,Active
00452,Community_00452,Region_3_Div_2,Region_3,Active
00453,Community_00453,Region_3_Div_2,Region_3,Active
00454,Community_00454,Region_3_Div_2,Region_3,Active
00455,Community_00455,Region_3_Div_2,Region_3,Active
00456,Community_00456,Region_3_Div_2,Region_3,Active
00457,Community_00457,Region_3_Div_2,Region_3,Active
00458,Community_00458,Region_3_Div_2,Region_3,Active
00459,Community_00459,Region_3_Div_2,Region_3,Active
00460,Community_00460,Region_3_Div_2,Region_3,Active
00461,Community_00461,Region_3_Div_2,Region_3,Active
00462,Community_00462,Region_3_Div_2,Region_3,Active
00463,Community_00463,Region_3_Div_2,Region_3,Active
00464,Community_00464,Region_3_Div_2,Region_3,Active
00465,Community_00465,Region_3_Div_2,Region_3,Active
00466,Community_00466,Region_3_Div_2,Region_3,Active
00467,Community_00467,Region_3_Div_2,Region_3,Active
00468,Community_00468,Region_3_Div_2,Region_3,Active
00469,Community_00469,Region_3_Div_2,Region_3,Active
00470,Community_00470,Region_3_Div_2,Region_3,Active
00471,Community_00471,Region_3_Div_2,Region_3,Active
00472,Community_00472,Region_3_Div_2,Region_3,Active
00473,Community_00473,Region_3_Div_2,Region_3,Active
00474,Community_00474,Region_3_Div_2,Region_3,Active
00475,Community_00475,Region_3_Div_2,Region_3,Active
00476,Community_00476,Region_3_Div_2,Region_3,Active
00477,Community_00477,Region_3_Div_2,Region_3,Active
00478,Community_00478,Region_3_Div_2,Region_3,Active
00479,Community_00479,Region_3_Div_2,Region_3,Active
00480,Community_00480,Region_3_Div_2,Region_3,Active
00481,Community_00481,Region_3_Div_2,Region_3,Active
00482,Community_00482,Region_3_Div_2,Region_3,Active
00483,Community_00483,Region_3_Div_2,Region_3,Active
00484,Community_00484,Region_3_Div_2,Region_3,Active
00485,Community_00485,Region_3_Div_2,Region_3,Active
00486,Community_00486,Region_3_Div_2,Region_3,Active
00487,Community_00487,Region_3_Div_2,Region_3,Active
00488,Community_00488,Region_3_Div_2,Region_3,Active
00489,Community_00489,Region_3_Div_2,Region_3,Active
00490,Community_00490,Region_3_Div_2,Region_3,Active
00491,Community_00491,Region_3_Div_2,Region_3,Active
00492,Community_00492,Region_3_Div_2,Region_3,Active
00493,Community_00493,Region_3_Div_2,Region_3,Active
00494,Community_00494,Region_3_Div_2,Region_3,Active
00495,Community_00495,Region_3_Div_2,Region_3,Active
00496,Community_00496,Region_3_Div_2,Region_3,Active
00497,Community_00497,Region_3_Div_2,Region_3,Active
00498,Community_00498,Region_3_Div_2,Region_3,Active
00499,Community_00499,Region_3_Div_2,Region_3,Active
00500,Community_00500,Region_3_Div_2,Region_3,Active
00501,Community_00501,Region_3_Div_3,Region_3,Active
00502,Community_00502,Region_3_Div_3,Region_3,Active
00503,Community_00503,Region_3_Div_3,Region_3,Active
00504,Community_00504,Region_3_Div_3,Region_3,Active
00505,Community_00505,Region_3_Div_3,Region_3,Active
00506,Community_00506,Region_3_Div_3,Region_3,Active
00507,Community_00507,Region_3_Div_3,Region_3,Active
00508,Community_00508,Region_3_Div_3,Region_3,Active
00509,Community_00509,Region_3_Div_3,Region_3,Active
00510,Community_00510,Region_3_Div_3,Region_3,Active
00511,Community_00511,Region_3_Div_3,Region_3,Active
00512,Community_00512,Region_3_Div_3,Region_3,Active
00513,Community_00513,Region_3_Div_3,Region_3,Active
00514,Community_00514,Region_3_Div_3,Region_3,Active
00515,Community_00515,Region_3_Div_3,Region_3,Active
00516,Community_00516,Region_3_Div_3,Region_3,Active
00517,Community_00517,Region_3_Div_3,Region_3,Active
00518,Community_00518,Region_3_Div_3,Region_3,Active
00519,Community_00519,Region_3_Div_3,Region_3,Active
00520,Community_00520,Region_3_Div_3,Region_3,Active
00521,Community_00521,Region_3_Div_3,Region_3,Active
00522,Community_00522,Region_3_Div_3,Region_3,Active
00523,Community_00523,Region_3_Div_3,Region_3,Active
00524,Community_00524,Region_3_Div_3,Region_3,Active
00525,Community_00525,Region_3_Div_3,Region_3,Active
00526,Community_00526,Region_3_Div_3,Region_3,Active
00527,Community_00527,Region_3_Div_3,Region_3,Active
00528,Community_00528,Region_3_Div_3,Region_3,Active
00529,Community_00529,Region_3_Div_3,Region_3,Active
00530,Community_00530,Region_3_Div_3,Region_3,Active
00531,Community_00531,Region_3_Div_3,Region_3,Active
00532,Community_00532,Region_3_Div_3,Region_3,Active
00533,Community_00533,Region_3_Div_3,Region_3,Active
00534,Community_00534,Region_3_Div_3,Region_3,Active
00535,Community_00535,Region_3_Div_3,Region_3,Active
00536,Community_00536,Region_3_Div_3,Region_3,Active
00537,Community_00537,Region_3_Div_3,Region_3,Active
00538,Community_00538,Region_3_Div_3,Region_3,Active
00539,Community_00539,Region_3_Div_3,Region_3,Active
00540,Community_00540,Region_3_Div_3,Region_3,Active
00541,Community_00541,Region_3_Div_3,Region_3,Active
00542,Community_00542,Region_3_Div_3,Region_3,Active
00543,Community_00543,Region_3_Div_3,Region_3,Active
00544,Community_00544,Region_3_Div_3,Region_3,Active
00545,Community_00545,Region_3_Div_3,Region_3,Active
00546,Community_00546,Region_3_Div_3,Region_3,Active
00547,Community_00547,Region_3_Div_3,Region_3,Active
00548,Community_00548,Region_3_Div_3,Region_3,Active
00549,Community_00549,Region_3_Div_3,Region_3,Active
00550,Community_00550,Region_3_Div_3,Region_3,Active
00551,Community_00551,Region_3_Div_4,Region_3,Active
00552,Community_00552,Region_3_Div_4,Region_3,Active
00553,Community_00553,Region_3_Div_4,Region_3,Active
00554,Community_00554,Region_3_Div_4,Region_3,Active
00555,Community_00555,Region_3_Div_4,Region_3,Active
00556,Community_00556,Region_3_Div_4,Region_3,Active
00557,Community_00557,Region_3_Div_4,Region_3,Active
00558,Community_00558,Region_3_Div_4,Region_3,Active
00559,Community_00559,Region_3_Div_4,Region_3,Active
00560,Community_00560,Region_3_Div_4,Region_3,Active
00561,Community_00561,Region_3_Div_4,Region_3,Active
00562,Community_00562,Region_3_Div_4,Region_3,Active
00563,Community_00563,Region_3_Div_4,Region_3,Active
00564,Community_00564,Region_3_Div_4,Region_3,Active
00565,Community_00565,Region_3_Div_4,Region_3,Active
00566,Community_00566,Region_3_Div_4,Region_3,Active
00567,Community_00567,Region_3_Div_4,Region_3,Active
00568,Community_00568,Region_3_Div_4,Region_3,Active
00569,Community_00569,Region_3_Div_4,Region_3,Active
00570,Community_00570,Region_3_Div_4,Region_3,Active
00571,Community_00571,Region_3_Div_4,Region_3,Active
00572,Community_00572,Region_3_Div_4,Region_3,Active
00573,Community_00573,Region_3_Div_4,Region_3,Active
00574,Community_00574,Region_3_Div_4,Region_3,Active
00575,Community_00575,Region_3_Div_4,Region_3,Active
00576,Community_00576,Region_3_Div_4,Region_3,Active
00577,Community_00577,Region_3_Div_4,Region_3,Active
00578,Community_00578,Region_3_Div_4,Region_3,Active
00579,Community_00579,Region_3_Div_4,Region_3,Active
00580,Community_00580,Region_3_Div_4,Region_3,Active
00581,Community_00581,Region_3_Div_4,Region_3,Active
00582,Community_00582,Region_3_Div_4,Region_3,Active
00583,Community_00583,Region_3_Div_4,Region_3,Active
00584,Community_00584,Region_3_Div_4,Region_3,Active
00585,Community_00585,Region_3_Div_4,Region_3,Active
00586,Community_00586,Region_3_Div_4,Region_3,Active
00587,Community_00587,Region_3_Div_4,Region_3,Active
00588,Community_00588,Region_3_Div_4,Region_3,Active
00589,Community_00589,Region_3_Div_4,Region_3,Active
00590,Community_00590,Region_3_Div_4,Region_3,Active
00591,Community_00591,Region_3_Div_4,Region_3,Active
00592,Community_00592,Region_3_Div_4,Region_3,Active
00593,Community_00593,Region_3_Div_4,Region_3,Active
00594,Community_00594,Region_3_Div_4,Region_3,Active
00595,Community_00595,Region_3_Div_4,Region_3,Active
00596,Community_00596,Region_3_Div_4,Region_3,Active
00597,Community_00597,Region_3_Div_4,Region_3,Active
00598,Community_00598,Region_3_Div_4,Region_3,Active
00599,Community_00599,Region_3_Div_4,Region_3,Active
00600,Community_00600,Region_3_Div_4,Region_3,Active
00601,Community_00601,Region_4_Div_1,Region_4,Active
00602,Community_00602,Region_4_Div_1,Region_4,Active
00603,Community_00603,Region_4_Div_1,Region_4,Active
00604,Community_00604,Region_4_Div_1,Region_4,Active
00605,Community_00605,Region_4_Div_1,Region_4,Active
00606,Community_00606,Region_4_Div_1,Region_4,Active
00607,Community_00607,Region_4_Div_1,Region_4,Active
00608,Community_00608,Region_4_Div_1,Region_4,Active
00609,Community_00609,Region_4_Div_1,Region_4,Active
00610,Community_00610,Region_4_Div_1,Region_4,Active
00611,Community_00611,Region_4_Div_1,Region_4,Active
00612,Community_00612,Region_4_Div_1,Region_4,Active
00613,Community_00613,Region_4_Div_1,Region_4,Active
00614,Community_00614,Region_4_Div_1,Region_4,Active
00615,Community_00615,Region_4_Div_1,Region_4,Active
00616,Community_00616,Region_4_Div_1,Region_4,Active
00617,Community_00617,Region_4_Div_1,Region_4,Active
00618,Community_00618,Region_4_Div_1,Region_4,Active
00619,Community_00619,Region_4_Div_1,Region_4,Active
00620,Community_00620,Region_4_Div_1,Region_4,Active
00621,Community_00621,Region_4_Div_1,Region_4,Active
00622,Community_00622,Region_4_Div_1,Region_4,Active
00623,Community_00623,Region_4_Div_1,Region_4,Active
00624,Community_00624,Region_4_Div_1,Region_4,Active
00625,Community_00625,Region_4_Div_1,Region_4,Active
00626,Community_00626,Region_4_Div_1,Region_4,Active
00627,Community_00627,Region_4_Div_1,Region_4,Active
00628,Community_00628,Region_4_Div_1,Region_4,Active
00629,Community_00629,Region_4_Div_1,Region_4,Active
00630,Community_00630,Region_4_Div_1,Region_4,Active
00631,Community_00631,Region_4_Div_1,Region_4,Active
00632,Community_00632,Region_4_Div_1,Region_4,Active
00633,Community_00633,Region_4_Div_1,Region_4,Active
00634,Community_00634,Region_4_Div_1,Region_4,Active
00635,Community_00635,Region_4_Div_1,Region_4,Active
00636,Community_00636,Region_4_Div_1,Region_4,Active
00637,Community_00637,Region_4_Div_1,Region_4,Active
00638,Community_00638,Region_4_Div_1,Region_4,Active
00639,Community_00639,Region_4_Div_1,Region_4,Active
00640,Community_00640,Region_4_Div_1,Region_4,Active
00641,Community_00641,Region_4_Div_1,Region_4,Active
00642,Community_00642,Region_4_Div_1,Region_4,Active
00643,Community_00643,Region_4_Div_1,Region_4,Active
00644,Community_00644,Region_4_Div_1,Region_4,Active
00645,Community_00645,Region_4_Div_1,Region_4,Active
00646,Community_00646,Region_4_Div_1,Region_4,Active
00647,Community_00647,Region_4_Div_1,Region_4,Active
00648,Community_00648,Region_4_Div_1,Region_4,Active
00649,Community_00649,Region_4_Div_1,Region_4,Active
00650,Community_00650,Region_4_Div_1,Region_4,Active
00651,Community_00651,Region_4_Div_2,Region_4,Active
00652,Community_00652,Region_4_Div_2,Region_4,Active
00653,Community_00653,Region_4_Div_2,Region_4,Active
00654,Community_00654,Region_4_Div_2,Region_4,Active
00655,Community_00655,Region_4_Div_2,Region_4,Active
00656,Community_00656,Region_4_Div_2,Region_4,Active
00657,Community_00657,Region_4_Div_2,Region_4,Active
00658,Community_00658,Region_4_Div_2,Region_4,Active
00659,Community_00659,Region_4_Div_2,Region_4,Active
00660,Community_00660,Region_4_Div_2,Region_4,Active
00661,Community_00661,Region_4_Div_2,Region_4,Active
00662,Community_00662,Region_4_Div_2,Region_4,Active
00663,Community_00663,Region_4_Div_2,Region_4,Active
00664,Community_00664,Region_4_Div_2,Region_4,Active
00665,Community_00665,Region_4_Div_2,Region_4,Active
00666,Community_00666,Region_4_Div_2,Region_4,Active
00667,Community_00667,Region_4_Div_2,Region_4,Active
00668,Community_00668,Region_4_Div_2,Region_4,Active
00669,Community_00669,Region_4_Div_2,Region_4,Active
00670,Community_00670,Region_4_Div_2,Region_4,Active
00671,Community_00671,Region_4_Div_2,Region_4,Active
00672,Community_00672,Region_4_Div_2,Region_4,Active
00673,Community_00673,Region_4_Div_2,Region_4,Active
00674,Community_00674,Region_4_Div_2,Region_4,Active
00675,Community_00675,Region_4_Div_2,Region_4,Active
00676,Community_00676,Region_4_Div_2,Region_4,Active
00677,Community_00677,Region_4_Div_2,Region_4,Active
00678,Community_00678,Region_4_Div_2,Region_4,Active
00679,Community_00679,Region_4_Div_2,Region_4,Active
00680,Community_00680,Region_4_Div_2,Region_4,Active
00681,Community_00681,Region_4_Div_2,Region_4,Active
00682,Community_00682,Region_4_Div_2,Region_4,Active
00683,Community_00683,Region_4_Div_2,Region_4,Active
00684,Community_00684,Region_4_Div_2,Region_4,Active
00685,Community_00685,Region_4_Div_2,Region_4,Active
00686,Community_00686,Region_4_Div_2,Region_4,Active
00687,Community_00687,Region_4_Div_2,Region_4,Active
00688,Community_00688,Region_4_Div_2,Region_4,Active
00689,Community_00689,Region_4_Div_2,Region_4,Active
00690,Community_00690,Region_4_Div_2,Region_4,Active
00691,Community_00691,Region_4_Div_2,Region_4,Active
00692,Community_00692,Region_4_Div_2,Region_4,Active
00693,Community_00693,Region_4_Div_2,Region_4,Active
00694,Community_00694,Region_4_Div_2,Region_4,Active
00695,Community_00695,Region_4_Div_2,Region_4,Active
00696,Community_00696,Region_4_Div_2,Region_4,Active
00697,Community_00697,Region_4_Div_2,Region_4,Active
00698,Community_00698,Region_4_Div_2,Region_4,Active
00699,Community_00699,Region_4_Div_2,Region_4,Active
00700,Community_00700,Region_4_Div_2,Region_4,Active
00701,Community_00701,Region_4_Div_3,Region_4,Active
00702,Community_00702,Region_4_Div_3,Region_4,Active
00703,Community_00703,Region_4_Div_3,Region_4,Active
00704,Community_00704,Region_4_Div_3,Region_4,Active
00705,Community_00705,Region_4_Div_3,Region_4,Active
00706,Community_00706,Region_4_Div_3,Region_4,Active
00707,Community_00707,Region_4_Div_3,Region_4,Active
00708,Community_00708,Region_4_Div_3,Region_4,Active
00709,Community_00709,Region_4_Div_3,Region_4,Active
00710,Community_00710,Region_4_Div_3,Region_4,Active
00711,Community_00711,Region_4_Div_3,Region_4,Active
00712,Community_00712,Region_4_Div_3,Region_4,Active
00713,Community_00713,Region_4_Div_3,Region_4,Active
00714,Community_00714,Region_4_Div_3,Region_4,Active
00715,Community_00715,Region_4_Div_3,Region_4,Active
00716,Community_00716,Region_4_Div_3,Region_4,Active
00717,Community_00717,Region_4_Div_3,Region_4,Active
00718,Community_00718,Region_4_Div_3,Region_4,Active
00719,Community_00719,Region_4_Div_3,Region_4,Active
00720,Community_00720,Region_4_Div_3,Region_4,Active
00721,Community_00721,Region_4_Div_3,Region_4,Active
00722,Community_00722,Region_4_Div_3,Region_4,Active
00723,Community_00723,Region_4_Div_3,Region_4,Active
00724,Community_00724,Region_4_Div_3,Region_4,Active
00725,Community_00725,Region_4_Div_3,Region_4,Active
00726,Community_00726,Region_4_Div_3,Region_4,Active
00727,Community_00727,Region_4_Div_3,Region_4,Active
00728,Community_00728,Region_4_Div_3,Region_4,Active
00729,Community_00729,Region_4_Div_3,Region_4,Active
00730,Community_00730,Region_4_Div_3,Region_4,Active
00731,Community_00731,Region_4_Div_3,Region_4,Active
00732,Community_00732,Region_4_Div_3,Region_4,Active
00733,Community_00733,Region_4_Div_3,Region_4,Active
00734,Community_00734,Region_4_Div_3,Region_4,Active
00735,Community_00735,Region_4_Div_3,Region_4,Active
00736,Community_00736,Region_4_Div_3,Region_4,Active
00737,Community_00737,Region_4_Div_3,Region_4,Active
00738,Community_00738,Region_4_Div_3,Region_4,Active
00739,Community_00739,Region_4_Div_3,Region_4,Active
00740,Community_00740,Region_4_Div_3,Region_4,Active
00741,Community_00741,Region_4_Div_3,Region_4,Active
00742,Community_00742,Region_4_Div_3,Region_4,Active
00743,Community_00743,Region_4_Div_3,Region_4,Active
00744,Community_00744,Region_4_Div_3,Region_4,Active
00745,Community_00745,Region_4_Div_3,Region_4,Active
00746,Community_00746,Region_4_Div_3,Region_4,Active
00747,Community_00747,Region_4_Div_3,Region_4,Active
00748,Community_00748,Region_4_Div_3,Region_4,Active
00749,Community_00749,Region_4_Div_3,Region_4,Active
00750,Community_00750,Region_4_Div_3,Region_4,Active
00751,Community_00751,Region_4_Div_4,Region_4,Active
00752,Community_00752,Region_4_Div_4,Region_4,Active
00753,Community_00753,Region_4_Div_4,Region_4,Active
00754,Community_00754,Region_4_Div_4,Region_4,Active
00755,Community_00755,Region_4_Div_4,Region_4,Active
00756,Community_00756,Region_4_Div_4,Region_4,Active
00757,Community_00757,Region_4_Div_4,Region_4,Active
00758,Community_00758,Region_4_Div_4,Region_4,Active
00759,Community_00759,Region_4_Div_4,Region_4,Active
00760,Community_00760,Region_4_Div_4,Region_4,Active
00761,Community_00761,Region_4_Div_4,Region_4,Active
00762,Community_00762,Region_4_Div_4,Region_4,Active
00763,Community_00763,Region_4_Div_4,Region_4,Active
00764,Community_00764,Region_4_Div_4,Region_4,Active
00765,Community_00765,Region_4_Div_4,Region_4,Active
00766,Community_00766,Region_4_Div_4,Region_4,Active
00767,Community_00767,Region_4_Div_4,Region_4,Active
00768,Community_00768,Region_4_Div_4,Region_4,Active
00769,Community_00769,Region_4_Div_4,Region_4,Active
00770,Community_00770,Region_4_Div_4,Region_4,Active
00771,Community_00771,Region_4_Div_4,Region_4,Active
00772,Community_00772,Region_4_Div_4,Region_4,Active
00773,Community_00773,Region_4_Div_4,Region_4,Active
00774,Community_00774,Region_4_Div_4,Region_4,Active
00775,Community_00775,Region_4_Div_4,Region_4,Active
00776,Community_00776,Region_4_Div_4,Region_4,Active
00777,Community_00777,Region_4_Div_4,Region_4,Active
00778,Community_00778,Region_4_Div_4,Region_4,Active
00779,Community_00779,Region_4_Div_4,Region_4,Active
00780,Community_00780,Region_4_Div_4,Region_4,Active
00781,Community_00781,Region_4_Div_4,Region_4,Active
00782,Community_00782,Region_4_Div_4,Region_4,Active
00783,Community_00783,Region_4_Div_4,Region_4,Active
00784,Community_00784,Region_4_Div_4,Region_4,Active
00785,Community_00785,Region_4_Div_4,Region_4,Active
00786,Community_00786,Region_4_Div_4,Region_4,Active
00787,Community_00787,Region_4_Div_4,Region_4,Active
00788,Community_00788,Region_4_Div_4,Region_4,Active
00789,Community_00789,Region_4_Div_4,Region_4,Active
00790,Community_00790,Region_4_Div_4,Region_4,Active
00791,Community_00791,Region_4_Div_4,Region_4,Active
00792,Community_00792,Region_4_Div_4,Region_4,Active
00793,Community_00793,Region_4_Div_4,Region_4,Active
00794,Community_00794,Region_4_Div_4,Region_4,Active
00795,Community_00795,Region_4_Div_4,Region_4,Active
00796,Community_00796,Region_4_Div_4,Region_4,Active
00797,Community_00797,Region_4_Div_4,Region_4,Active
00798,Community_00798,Region_4_Div_4,Region_4,Active
00799,Community_00799,Region_4_Div_4,Region_4,Active
00800,Community_00800,Region_4_Div_4,Region_4,Active
00801,Community_00801,Region_5_Div_1,Region_5,Active
00802,Community_00802,Region_5_Div_1,Region_5,Active
00803,Community_00803,Region_5_Div_1,Region_5,Active
00804,Community_00804,Region_5_Div_1,Region_5,Active
00805,Community_00805,Region_5_Div_1,Region_5,Active
00806,Community_00806,Region_5_Div_1,Region_5,Active
00807,Community_00807,Region_5_Div_1,Region_5,Active
00808,Community_00808,Region_5_Div_1,Region_5,Active
00809,Community_00809,Region_5_Div_1,Region_5,Active
00810,Community_00810,Region_5_Div_1,Region_5,Active
00811,Community_00811,Region_5_Div_1,Region_5,Active
00812,Community_00812,Region_5_Div_1,Region_5,Active
00813,Community_00813,Region_5_Div_1,Region_5,Active
00814,Community_00814,Region_5_Div_1,Region_5,Active
00815,Community_00815,Region_5_Div_1,Region_5,Active
00816,Community_00816,Region_5_Div_1,Region_5,Active
00817,Community_00817,Region_5_Div_1,Region_5,Active
00818,Community_00818,Region_5_Div_1,Region_5,Active
00819,Community_00819,Region_5_Div_1,Region_5,Active
00820,Community_00820,Region_5_Div_1,Region_5,Active
00821,Community_00821,Region_5_Div_1,Region_5,Active
00822,Community_00822,Region_5_Div_1,Region_5,Active
00823,Community_00823,Region_5_Div_1,Region_5,Active
00824,Community_00824,Region_5_Div_1,Region_5,Active
00825,Community_00825,Region_5_Div_1,Region_5,Active
00826,Community_00826,Region_5_Div_1,Region_5,Active
00827,Community_00827,Region_5_Div_1,Region_5,Active
00828,Community_00828,Region_5_Div_1,Region_5,Active
00829,Community_00829,Region_5_Div_1,Region_5,Active
00830,Community_00830,Region_5_Div_1,Region_5,Active
00831,Community_00831,Region_5_Div_1,Region_5,Active
00832,Community_00832,Region_5_Div_1,Region_5,Active
00833,Community_00833,Region_5_Div_1,Region_5,Active
00834,Community_00834,Region_5_Div_1,Region_5,Active
00835,Community_00835,Region_5_Div_1,Region_5,Active
00836,Community_00836,Region_5_Div_1,Region_5,Active
00837,Community_00837,Region_5_Div_1,Region_5,Active
00838,Community_00838,Region_5_Div_1,Region_5,Active
00839,Community_00839,Region_5_Div_1,Region_5,Active
00840,Community_00840,Region_5_Div_1,Region_5,Active
00841,Community_00841,Region_5_Div_1,Region_5,Active
00842,Community_00842,Region_5_Div_1,Region_5,Active
00843,Community_00843,Region_5_Div_1,Region_5,Active
00844,Community_00844,Region_5_Div_1,Region_5,Active
00845,Community_00845,Region_5_Div_1,Region_5,Active
00846,Community_00846,Region_5_Div_1,Region_5,Active
00847,Community_00847,Region_5_Div_1,Region_5,Active
00848,Community_00848,Region_5_Div_1,Region_5,Active
00849,Community_00849,Region_5_Div_1,Region_5,Active
00850,Community_00850,Region_5_Div_1,Region_5,Active
00851,Community_00851,Region_5_Div_2,Region_5,Active
00852,Community_00852,Region_5_Div_2,Region_5,Active
00853,Community_00853,Region_5_Div_2,Region_5,Active
00854,Community_00854,Region_5_Div_2,Region_5,Active
00855,Community_00855,Region_5_Div_2,Region_5,Active
00856,Community_00856,Region_5_Div_2,Region_5,Active
00857,Community_00857,Region_5_Div_2,Region_5,Active
00858,Community_00858,Region_5_Div_2,Region_5,Active
00859,Community_00859,Region_5_Div_2,Region_5,Active
00860,Community_00860,Region_5_Div_2,Region_5,Active
00861,Community_00861,Region_5_Div_2,Region_5,Active
00862,Community_00862,Region_5_Div_2,Region_5,Active
00863,Community_00863,Region_5_Div_2,Region_5,Active
00864,Community_00864,Region_5_Div_2,Region_5,Active
00865,Community_00865,Region_5_Div_2,Region_5,Active
00866,Community_00866,Region_5_Div_2,Region_5,Active
00867,Community_00867,Region_5_Div_2,Region_5,Active
00868,Community_00868,Region_5_Div_2,Region_5,Active
00869,Community_00869,Region_5_Div_2,Region_5,Active
00870,Community_00870,Region_5_Div_2,Region_5,Active
00871,Community_00871,Region_5_Div_2,Region_5,Active
00872,Community_00872,Region_5_Div_2,Region_5,Active
00873,Community_00873,Region_5_Div_2,Region_5,Active
00874,Community_00874,Region_5_Div_2,Region_5,Active
00875,Community_00875,Region_5_Div_2,Region_5,Active
00876,Community_00876,Region_5_Div_2,Region_5,Active
00877,Community_00877,Region_5_Div_2,Region_5,Active
00878,Community_00878,Region_5_Div_2,Region_5,Active
00879,Community_00879,Region_5_Div_2,Region_5,Active
00880,Community_00880,Region_5_Div_2,Region_5,Active
00881,Community_00881,Region_5_Div_2,Region_5,Active
00882,Community_00882,Region_5_Div_2,Region_5,Active
00883,Community_00883,Region_5_Div_2,Region_5,Active
00884,Community_00884,Region_5_Div_2,Region_5,Active
00885,Community_00885,Region_5_Div_2,Region_5,Active
00886,Community_00886,Region_5_Div_2,Region_5,Active
00887,Community_00887,Region_5_Div_2,Region_5,Active
00888,Community_00888,Region_5_Div_2,Region_5,Active
00889,Community_00889,Region_5_Div_2,Region_5,Active
00890,Community_00890,Region_5_Div_2,Region_5,Active
00891,Community_00891,Region_5_Div_2,Region_5,Active
00892,Community_00892,Region_5_Div_2,Region_5,Active
00893,Community_00893,Region_5_Div_2,Region_5,Active
00894,Community_00894,Region_5_Div_2,Region_5,Active
00895,Community_00895,Region_5_Div_2,Region_5,Active
00896,Community_00896,Region_5_Div_2,Region_5,Active
00897,Community_00897,Region_5_Div_2,Region_5,Active
00898,Community_00898,Region_5_Div_2,Region_5,Active
00899,Community_00899,Region_5_Div_2,Region_5,Active
00900,Community_00900,Region_5_Div_2,Region_5,Active
00901,Community_00901,Region_5_Div_3,Region_5,Active
00902,Community_00902,Region_5_Div_3,Region_5,Active
00903,Community_00903,Region_5_Div_3,Region_5,Active
00904,Community_00904,Region_5_Div_3,Region_5,Active
00905,Community_00905,Region_5_Div_3,Region_5,Active
00906,Community_00906,Region_5_Div_3,Region_5,Active
00907,Community_00907,Region_5_Div_3,Region_5,Active
00908,Community_00908,Region_5_Div_3,Region_5,Active
00909,Community_00909,Region_5_Div_3,Region_5,Active
00910,Community_00910,Region_5_Div_3,Region_5,Active
00911,Community_00911,Region_5_Div_3,Region_5,Active
00912,Community_00912,Region_5_Div_3,Region_5,Active
00913,Community_00913,Region_5_Div_3,Region_5,Active
00914,Community_00914,Region_5_Div_3,Region_5,Active
00915,Community_00915,Region_5_Div_3,Region_5,Active
00916,Community_00916,Region_5_Div_3,Region_5,Active
00917,Community_00917,Region_5_Div_3,Region_5,Active
00918,Community_00918,Region_5_Div_3,Region_5,Active
00919,Community_00919,Region_5_Div_3,Region_5,Active
00920,Community_00920,Region_5_Div_3,Region_5,Active
00921,Community_00921,Region_5_Div_3,Region_5,Active
00922,Community_00922,Region_5_Div_3,Region_5,Active
00923,Community_00923,Region_5_Div_3,Region_5,Active
00924,Community_00924,Region_5_Div_3,Region_5,Active
00925,Community_00925,Region_5_Div_3,Region_5,Active
00926,Community_00926,Region_5_Div_3,Region_5,Active
00927,Community_00927,Region_5_Div_3,Region_5,Active
00928,Community_00928,Region_5_Div_3,Region_5,Active
00929,Community_00929,Region_5_Div_3,Region_5,Active
00930,Community_00930,Region_5_Div_3,Region_5,Active
00931,Community_00931,Region_5_Div_3,Region_5,Active
00932,Community_00932,Region_5_Div_3,Region_5,Active
00933,Community_00933,Region_5_Div_3,Region_5,Active
00934,Community_00934,Region_5_Div_3,Region_5,Active
00935,Community_00935,Region_5_Div_3,Region_5,Active
00936,Community_00936,Region_5_Div_3,Region_5,Active
00937,Community_00937,Region_5_Div_3,Region_5,Active
00938,Community_00938,Region_5_Div_3,Region_5,Active
00939,Community_00939,Region_5_Div_3,Region_5,Active
00940,Community_00940,Region_5_Div_3,Region_5,Active
00941,Community_00941,Region_5_Div_3,Region_5,Active
00942,Community_00942,Region_5_Div_3,Region_5,Active
00943,Community_00943,Region_5_Div_3,Region_5,Active
00944,Community_00944,Region_5_Div_3,Region_5,Active
00945,Community_00945,Region_5_Div_3,Region_5,Active
00946,Community_00946,Region_5_Div_3,Region_5,Active
00947,Community_00947,Region_5_Div_3,Region_5,Active
00948,Community_00948,Region_5_Div_3,Region_5,Active
00949,Community_00949,Region_5_Div_3,Region_5,Active
00950,Community_00950,Region_5_Div_3,Region_5,Active
00951,Community_00951,Region_5_Div_4,Region_5,Active
00952,Community_00952,Region_5_Div_4,Region_5,Active
00953,Community_00953,Region_5_Div_4,Region_5,Active
00954,Community_00954,Region_5_Div_4,Region_5,Active
00955,Community_00955,Region_5_Div_4,Region_5,Active
00956,Community_00956,Region_5_Div_4,Region_5,Active
00957,Community_00957,Region_5_Div_4,Region_5,Active
00958,Community_00958,Region_5_Div_4,Region_5,Active
00959,Community_00959,Region_5_Div_4,Region_5,Active
00960,Community_00960,Region_5_Div_4,Region_5,Active
00961,Community_00961,Region_5_Div_4,Region_5,Active
00962,Community_00962,Region_5_Div_4,Region_5,Active
00963,Community_00963,Region_5_Div_4,Region_5,Active
00964,Community_00964,Region_5_Div_4,Region_5,Active
00965,Community_00965,Region_5_Div_4,Region_5,Active
00966,Community_00966,Region_5_Div_4,Region_5,Active
00967,Community_00967,Region_5_Div_4,Region_5,Active
00968,Community_00968,Region_5_Div_4,Region_5,Active
00969,Community_00969,Region_5_Div_4,Region_5,Active
00970,Community_00970,Region_5_Div_4,Region_5,Active
00971,Community_00971,Region_5_Div_4,Region_5,Active
00972,Community_00972,Region_5_Div_4,Region_5,Active
00973,Community_00973,Region_5_Div_4,Region_5,Active
00974,Community_00974,Region_5_Div_4,Region_5,Active
00975,Community_00975,Region_5_Div_4,Region_5,Active
00976,Community_00976,Region_5_Div_4,Region_5,Active
00977,Community_00977,Region_5_Div_4,Region_5,Active
00978,Community_00978,Region_5_Div_4,Region_5,Active
00979,Community_00979,Region_5_Div_4,Region_5,Active
00980,Community_00980,Region_5_Div_4,Region_5,Active
00981,Community_00981,Region_5_Div_4,Region_5,Active
00982,Community_00982,Region_5_Div_4,Region_5,Active
00983,Community_00983,Region_5_Div_4,Region_5,Active
00984,Community_00984,Region_5_Div_4,Region_5,Active
00985,Community_00985,Region_5_Div_4,Region_5,Active
00986,Community_00986,Region_5_Div_4,Region_5,Active
00987,Community_00987,Region_5_Div_4,Region_5,Active
00988,Community_00988,Region_5_Div_4,Region_5,Active
00989,Community_00989,Region_5_Div_4,Region_5,Active
00990,Community_00990,Region_5_Div_4,Region_5,Active
00991,Community_00991,Region_5_Div_4,Region_5,Active
00992,Community_00992,Region_5_Div_4,Region_5,Active
00993,Community_00993,Region_5_Div_4,Region_5,Active
00994,Community_00994,Region_5_Div_4,Region_5,Active
00995,Community_00995,Region_5_Div_4,Region_5,Active
00996,Community_00996,Region_5_Div_4,Region_5,Active
00997,Community_00997,Region_5_Div_4,Region_5,Active
00998,Community_00998,Region_5_Div_4,Region_5,Active
00999,Community_00999,Region_5_Div_4,Region_5,Active
01000,Community_01000,Region_5_Div_4,Region_5,Active
01001,Community_01001,Region_6_Div_1,Region_6,Active
01002,Community_01002,Region_6_Div_1,Region_6,Active
01003,Community_01003,Region_6_Div_1,Region_6,Active
01004,Community_01004,Region_6_Div_1,Region_6,Active
01005,Community_01005,Region_6_Div_1,Region_6,Active
01006,Community_01006,Region_6_Div_1,Region_6,Active
01007,Community_01007,Region_6_Div_1,Region_6,Active
01008,Community_01008,Region_6_Div_1,Region_6,Active
01009,Community_01009,Region_6_Div_1,Region_6,Active
01010,Community_01010,Region_6_Div_1,Region_6,Active
01011,Community_01011,Region_6_Div_1,Region_6,Active
01012,Community_01012,Region_6_Div_1,Region_6,Active
01013,Community_01013,Region_6_Div_1,Region_6,Active
01014,Community_01014,Region_6_Div_1,Region_6,Active
01015,Community_01015,Region_6_Div_1,Region_6,Active
01016,Community_01016,Region_6_Div_1,Region_6,Active
01017,Community_01017,Region_6_Div_1,Region_6,Active
01018,Community_01018,Region_6_Div_1,Region_6,Active
01019,Community_01019,Region_6_Div_1,Region_6,Active
01020,Community_01020,Region_6_Div_1,Region_6,Active
01021,Community_01021,Region_6_Div_1,Region_6,Active
01022,Community_01022,Region_6_Div_1,Region_6,Active
01023,Community_01023,Region_6_Div_1,Region_6,Active
01024,Community_01024,Region_6_Div_1,Region_6,Active
01025,Community_01025,Region_6_Div_1,Region_6,Active
01026,Community_01026,Region_6_Div_1,Region_6,Active
01027,Community_01027,Region_6_Div_1,Region_6,Active
01028,Community_01028,Region_6_Div_1,Region_6,Active
01029,Community_01029,Region_6_Div_1,Region_6,Active
01030,Community_01030,Region_6_Div_1,Region_6,Active
01031,Community_01031,Region_6_Div_1,Region_6,Active
01032,Community_01032,Region_6_Div_1,Region_6,Active
01033,Community_01033,Region_6_Div_1,Region_6,Active
01034,Community_01034,Region_6_Div_1,Region_6,Active
01035,Community_01035,Region_6_Div_1,Region_6,Active
01036,Community_01036,Region_6_Div_1,Region_6,Active
01037,Community_01037,Region_6_Div_1,Region_6,Active
01038,Community_01038,Region_6_Div_1,Region_6,Active
01039,Community_01039,Region_6_Div_1,Region_6,Active
01040,Community_01040,Region_6_Div_1,Region_6,Active
01041,Community_01041,Region_6_Div_1,Region_6,Active
01042,Community_01042,Region_6_Div_1,Region_6,Active
01043,Community_01043,Region_6_Div_1,Region_6,Active
01044,Community_01044,Region_6_Div_1,Region_6,Active
01045,Community_01045,Region_6_Div_1,Region_6,Active
01046,Community_01046,Region_6_Div_1,Region_6,Active
01047,Community_01047,Region_6_Div_1,Region_6,Active
01048,Community_01048,Region_6_Div_1,Region_6,Active
01049,Community_01049,Region_6_Div_1,Region_6,Active
01050,Community_01050,Region_6_Div_1,Region_6,Active
01051,Community_01051,Region_6_Div_2,Region_6,Active
01052,Community_01052,Region_6_Div_2,Region_6,Active
01053,Community_01053,Region_6_Div_2,Region_6,Active
01054,Community_01054,Region_6_Div_2,Region_6,Active
01055,Community_01055,Region_6_Div_2,Region_6,Active
01056,Community_01056,Region_6_Div_2,Region_6,Active
01057,Community_01057,Region_6_Div_2,Region_6,Active
01058,Community_01058,Region_6_Div_2,Region_6,Active
01059,Community_01059,Region_6_Div_2,Region_6,Active
01060,Community_01060,Region_6_Div_2,Region_6,Active
01061,Community_01061,Region_6_Div_2,Region_6,Active
01062,Community_01062,Region_6_Div_2,Region_6,Active
01063,Community_01063,Region_6_Div_2,Region_6,Active
01064,Community_01064,Region_6_Div_2,Region_6,Active
01065,Community_01065,Region_6_Div_2,Region_6,Active
01066,Community_01066,Region_6_Div_2,Region_6,Active
01067,Community_01067,Region_6_Div_2,Region_6,Active
01068,Community_01068,Region_6_Div_2,Region_6,Active
01069,Community_01069,Region_6_Div_2,Region_6,Active
01070,Community_01070,Region_6_Div_2,Region_6,Active
01071,Community_01071,Region_6_Div_2,Region_6,Active
01072,Community_01072,Region_6_Div_2,Region_6,Active
01073,Community_01073,Region_6_Div_2,Region_6,Active
01074,Community_01074,Region_6_Div_2,Region_6,Active
01075,Community_01075,Region_6_Div_2,Region_6,Active
01076,Community_01076,Region_6_Div_2,Region_6,Active
01077,Community_01077,Region_6_Div_2,Region_6,Active
01078,Community_01078,Region_6_Div_2,Region_6,Active
01079,Community_01079,Region_6_Div_2,Region_6,Active
01080,Community_01080,Region_6_Div_2,Region_6,Active
01081,Community_01081,Region_6_Div_2,Region_6,Active
01082,Community_01082,Region_6_Div_2,Region_6,Active
01083,Community_01083,Region_6_Div_2,Region_6,Active
01084,Community_01084,Region_6_Div_2,Region_6,Active
01085,Community_01085,Region_6_Div_2,Region_6,Active
01086,Community_01086,Region_6_Div_2,Region_6,Active
01087,Community_01087,Region_6_Div_2,Region_6,Active
01088,Community_01088,Region_6_Div_2,Region_6,Active
01089,Community_01089,Region_6_Div_2,Region_6,Active
01090,Community_01090,Region_6_Div_2,Region_6,Active
01091,Community_01091,Region_6_Div_2,Region_6,Active
01092,Community_01092,Region_6_Div_2,Region_6,Active
01093,Community_01093,Region_6_Div_2,Region_6,Active
01094,Community_01094,Region_6_Div_2,Region_6,Active
01095,Community_01095,Region_6_Div_2,Region_6,Active
01096,Community_01096,Region_6_Div_2,Region_6,Active
01097,Community_01097,Region_6_Div_2,Region_6,Active
01098,Community_01098,Region_6_Div_2,Region_6,Active
01099,Community_01099,Region_6_Div_2,Region_6,Active
01100,Community_01100,Region_6_Div_2,Region_6,Active
01101,Community_01101,Region_6_Div_3,Region_6,Active
01102,Community_01102,Region_6_Div_3,Region_6,Active
01103,Community_01103,Region_6_Div_3,Region_6,Active
01104,Community_01104,Region_6_Div_3,Region_6,Active
01105,Community_01105,Region_6_Div_3,Region_6,Active
01106,Community_01106,Region_6_Div_3,Region_6,Active
01107,Community_01107,Region_6_Div_3,Region_6,Active
01108,Community_01108,Region_6_Div_3,Region_6,Active
01109,Community_01109,Region_6_Div_3,Region_6,Active
01110,Community_01110,Region_6_Div_3,Region_6,Active
01111,Community_01111,Region_6_Div_3,Region_6,Active
01112,Community_01112,Region_6_Div_3,Region_6,Active
01113,Community_01113,Region_6_Div_3,Region_6,Active
01114,Community_01114,Region_6_Div_3,Region_6,Active
01115,Community_01115,Region_6_Div_3,Region_6,Active
01116,Community_01116,Region_6_Div_3,Region_6,Active
01117,Community_01117,Region_6_Div_3,Region_6,Active
01118,Community_01118,Region_6_Div_3,Region_6,Active
01119,Community_01119,Region_6_Div_3,Region_6,Active
01120,Community_01120,Region_6_Div_3,Region_6,Active
01121,Community_01121,Region_6_Div_3,Region_6,Active
01122,Community_01122,Region_6_Div_3,Region_6,Active
01123,Community_01123,Region_6_Div_3,Region_6,Active
01124,Community_01124,Region_6_Div_3,Region_6,Active
01125,Community_01125,Region_6_Div_3,Region_6,Active
01126,Community_01126,Region_6_Div_3,Region_6,Active
01127,Community_01127,Region_6_Div_3,Region_6,Active
01128,Community_01128,Region_6_Div_3,Region_6,Active
01129,Community_01129,Region_6_Div_3,Region_6,Active
01130,Community_01130,Region_6_Div_3,Region_6,Active
01131,Community_01131,Region_6_Div_3,Region_6,Active
01132,Community_01132,Region_6_Div_3,Region_6,Active
01133,Community_01133,Region_6_Div_3,Region_6,Active
01134,Community_01134,Region_6_Div_3,Region_6,Active
01135,Community_01135,Region_6_Div_3,Region_6,Active
01136,Community_01136,Region_6_Div_3,Region_6,Active
01137,Community_01137,Region_6_Div_3,Region_6,Active
01138,Community_01138,Region_6_Div_3,Region_6,Active
01139,Community_01139,Region_6_Div_3,Region_6,Active
01140,Community_01140,Region_6_Div_3,Region_6,Active
01141,Community_01141,Region_6_Div_3,Region_6,Active
01142,Community_01142,Region_6_Div_3,Region_6,Active
01143,Community_01143,Region_6_Div_3,Region_6,Active
01144,Community_01144,Region_6_Div_3,Region_6,Active
01145,Community_01145,Region_6_Div_3,Region_6,Active
01146,Community_01146,Region_6_Div_3,Region_6,Active
01147,Community_01147,Region_6_Div_3,Region_6,Active
01148,Community_01148,Region_6_Div_3,Region_6,Active
01149,Community_01149,Region_6_Div_3,Region_6,Active
01150,Community_01150,Region_6_Div_3,Region_6,Active
01151,Community_01151,Region_6_Div_4,Region_6,Active
01152,Community_01152,Region_6_Div_4,Region_6,Active
01153,Community_01153,Region_6_Div_4,Region_6,Active
01154,Community_01154,Region_6_Div_4,Region_6,Active
01155,Community_01155,Region_6_Div_4,Region_6,Active
01156,Community_01156,Region_6_Div_4,Region_6,Active
01157,Community_01157,Region_6_Div_4,Region_6,Active
01158,Community_01158,Region_6_Div_4,Region_6,Active
01159,Community_01159,Region_6_Div_4,Region_6,Active
01160,Community_01160,Region_6_Div_4,Region_6,Active
01161,Community_01161,Region_6_Div_4,Region_6,Active
01162,Community_01162,Region_6_Div_4,Region_6,Active
01163,Community_01163,Region_6_Div_4,Region_6,Active
01164,Community_01164,Region_6_Div_4,Region_6,Active
01165,Community_01165,Region_6_Div_4,Region_6,Active
01166,Community_01166,Region_6_Div_4,Region_6,Active
01167,Community_01167,Region_6_Div_4,Region_6,Active
01168,Community_01168,Region_6_Div_4,Region_6,Active
01169,Community_01169,Region_6_Div_4,Region_6,Active
01170,Community_01170,Region_6_Div_4,Region_6,Active
01171,Community_01171,Region_6_Div_4,Region_6,Active
01172,Community_01172,Region_6_Div_4,Region_6,Active
01173,Community_01173,Region_6_Div_4,Region_6,Active
01174,Community_01174,Region_6_Div_4,Region_6,Active
01175,Community_01175,Region_6_Div_4,Region_6,Active
01176,Community_01176,Region_6_Div_4,Region_6,Active
01177,Community_01177,Region_6_Div_4,Region_6,Active
01178,Community_01178,Region_6_Div_4,Region_6,Active
01179,Community_01179,Region_6_Div_4,Region_6,Active
01180,Community_01180,Region_6_Div_4,Region_6,Active
01181,Community_01181,Region_6_Div_4,Region_6,Active
01182,Community_01182,Region_6_Div_4,Region_6,Active
01183,Community_01183,Region_6_Div_4,Region_6,Active
01184,Community_01184,Region_6_Div_4,Region_6,Active
01185,Community_01185,Region_6_Div_4,Region_6,Active
01186,Community_01186,Region_6_Div_4,Region_6,Active
01187,Community_01187,Region_6_Div_4,Region_6,Active
01188,Community_01188,Region_6_Div_4,Region_6,Active
01189,Community_01189,Region_6_Div_4,Region_6,Active
01190,Community_01190,Region_6_Div_4,Region_6,Active
01191,Community_01191,Region_6_Div_4,Region_6,Active
01192,Community_01192,Region_6_Div_4,Region_6,Active
01193,Community_01193,Region_6_Div_4,Region_6,Active
01194,Community_01194,Region_6_Div_4,Region_6,Active
01195,Community_01195,Region_6_Div_4,Region_6,Active
01196,Community_01196,Region_6_Div_4,Region_6,Active
01197,Community_01197,Region_6_Div_4,Region_6,Active
01198,Community_01198,Region_6_Div_4,Region_6,Active
01199,Community_01199,Region_6_Div_4,Region_6,Active
01200,Community_01200,Region_6_Div_4,Region_6,Active
01201,Community_01201,Region_7_Div_1,Region_7,Active
01202,Community_01202,Region_7_Div_1,Region_7,Active
01203,Community_01203,Region_7_Div_1,Region_7,Active
01204,Community_01204,Region_7_Div_1,Region_7,Active
01205,Community_01205,Region_7_Div_1,Region_7,Active
01206,Community_01206,Region_7_Div_1,Region_7,Active
01207,Community_01207,Region_7_Div_1,Region_7,Active
01208,Community_01208,Region_7_Div_1,Region_7,Active
01209,Community_01209,Region_7_Div_1,Region_7,Active
01210,Community_01210,Region_7_Div_1,Region_7,Active
01211,Community_01211,Region_7_Div_1,Region_7,Active
01212,Community_01212,Region_7_Div_1,Region_7,Active
01213,Community_01213,Region_7_Div_1,Region_7,Active
01214,Community_01214,Region_7_Div_1,Region_7,Active
01215,Community_01215,Region_7_Div_1,Region_7,Active
01216,Community_01216,Region_7_Div_1,Region_7,Active
01217,Community_01217,Region_7_Div_1,Region_7,Active
01218,Community_01218,Region_7_Div_1,Region_7,Active
01219,Community_01219,Region_7_Div_1,Region_7,Active
01220,Community_01220,Region_7_Div_1,Region_7,Active
01221,Community_01221,Region_7_Div_1,Region_7,Active
01222,Community_01222,Region_7_Div_1,Region_7,Active
01223,Community_01223,Region_7_Div_1,Region_7,Active
01224,Community_01224,Region_7_Div_1,Region_7,Active
01225,Community_01225,Region_7_Div_1,Region_7,Active
01226,Community_01226,Region_7_Div_1,Region_7,Active
01227,Community_01227,Region_7_Div_1,Region_7,Active
01228,Community_01228,Region_7_Div_1,Region_7,Active
01229,Community_01229,Region_7_Div_1,Region_7,Active
01230,Community_01230,Region_7_Div_1,Region_7,Active
01231,Community_01231,Region_7_Div_1,Region_7,Active
01232,Community_01232,Region_7_Div_1,Region_7,Active
01233,Community_01233,Region_7_Div_1,Region_7,Active
01234,Community_01234,Region_7_Div_1,Region_7,Active
01235,Community_01235,Region_7_Div_1,Region_7,Active
01236,Community_01236,Region_7_Div_1,Region_7,Active
01237,Community_01237,Region_7_Div_1,Region_7,Active
01238,Community_01238,Region_7_Div_1,Region_7,Active
01239,Community_01239,Region_7_Div_1,Region_7,Active
01240,Community_01240,Region_7_Div_1,Region_7,Active
01241,Community_01241,Region_7_Div_1,Region_7,Active
01242,Community_01242,Region_7_Div_1,Region_7,Active
01243,Community_01243,Region_7_Div_1,Region_7,Active
01244,Community_01244,Region_7_Div_1,Region_7,Active
01245,Community_01245,Region_7_Div_1,Region_7,Active
01246,Community_01246,Region_7_Div_1,Region_7,Active
01247,Community_01247,Region_7_Div_1,Region_7,Active
01248,Community_01248,Region_7_Div_1,Region_7,Active
01249,Community_01249,Region_7_Div_1,Region_7,Active
01250,Community_01250,Region_7_Div_1,Region_7,Active
01251,Community_01251,Region_7_Div_2,Region_7,Active
01252,Community_01252,Region_7_Div_2,Region_7,Active
01253,Community_01253,Region_7_Div_2,Region_7,Active
01254,Community_01254,Region_7_Div_2,Region_7,Active
01255,Community_01255,Region_7_Div_2,Region_7,Active
01256,Community_01256,Region_7_Div_2,Region_7,Active
01257,Community_01257,Region_7_Div_2,Region_7,Active
01258,Community_01258,Region_7_Div_2,Region_7,Active
01259,Community_01259,Region_7_Div_2,Region_7,Active
01260,Community_01260,Region_7_Div_2,Region_7,Active
01261,Community_01261,Region_7_Div_2,Region_7,Active
01262,Community_01262,Region_7_Div_2,Region_7,Active
01263,Community_01263,Region_7_Div_2,Region_7,Active
01264,Community_01264,Region_7_Div_2,Region_7,Active
01265,Community_01265,Region_7_Div_2,Region_7,Active
01266,Community_01266,Region_7_Div_2,Region_7,Active
01267,Community_01267,Region_7_Div_2,Region_7,Active
01268,Community_01268,Region_7_Div_2,Region_7,Active
01269,Community_01269,Region_7_Div_2,Region_7,Active
01270,Community_01270,Region_7_Div_2,Region_7,Active
01271,Community_01271,Region_7_Div_2,Region_7,Active
01272,Community_01272,Region_7_Div_2,Region_7,Active
01273,Community_01273,Region_7_Div_2,Region_7,Active
01274,Community_01274,Region_7_Div_2,Region_7,Active
01275,Community_01275,Region_7_Div_2,Region_7,Active
01276,Community_01276,Region_7_Div_2,Region_7,Active
01277,Community_01277,Region_7_Div_2,Region_7,Active
01278,Community_01278,Region_7_Div_2,Region_7,Active
01279,Community_01279,Region_7_Div_2,Region_7,Active
01280,Community_01280,Region_7_Div_2,Region_7,Active
01281,Community_01281,Region_7_Div_2,Region_7,Active
01282,Community_01282,Region_7_Div_2,Region_7,Active
01283,Community_01283,Region_7_Div_2,Region_7,Active
01284,Community_01284,Region_7_Div_2,Region_7,Active
01285,Community_01285,Region_7_Div_2,Region_7,Active
01286,Community_01286,Region_7_Div_2,Region_7,Active
01287,Community_01287,Region_7_Div_2,Region_7,Active
01288,Community_01288,Region_7_Div_2,Region_7,Active
01289,Community_01289,Region_7_Div_2,Region_7,Active
01290,Community_01290,Region_7_Div_2,Region_7,Active
01291,Community_01291,Region_7_Div_2,Region_7,Active
01292,Community_01292,Region_7_Div_2,Region_7,Active
01293,Community_01293,Region_7_Div_2,Region_7,Active
01294,Community_01294,Region_7_Div_2,Region_7,Active
01295,Community_01295,Region_7_Div_2,Region_7,Active
01296,Community_01296,Region_7_Div_2,Region_7,Active
01297,Community_01297,Region_7_Div_2,Region_7,Active
01298,Community_01298,Region_7_Div_2,Region_7,Active
01299,Community_01299,Region_7_Div_2,Region_7,Active
01300,Community_01300,Region_7_Div_2,Region_7,Active
01301,Community_01301,Region_7_Div_3,Region_7,Active
01302,Community_01302,Region_7_Div_3,Region_7,Active
01303,Community_01303,Region_7_Div_3,Region_7,Active
01304,Community_01304,Region_7_Div_3,Region_7,Active
01305,Community_01305,Region_7_Div_3,Region_7,Active
01306,Community_01306,Region_7_Div_3,Region_7,Active
01307,Community_01307,Region_7_Div_3,Region_7,Active
01308,Community_01308,Region_7_Div_3,Region_7,Active
01309,Community_01309,Region_7_Div_3,Region_7,Active
01310,Community_01310,Region_7_Div_3,Region_7,Active
01311,Community_01311,Region_7_Div_3,Region_7,Active
01312,Community_01312,Region_7_Div_3,Region_7,Active
01313,Community_01313,Region_7_Div_3,Region_7,Active
01314,Community_01314,Region_7_Div_3,Region_7,Active
01315,Community_01315,Region_7_Div_3,Region_7,Active
01316,Community_01316,Region_7_Div_3,Region_7,Active
01317,Community_01317,Region_7_Div_3,Region_7,Active
01318,Community_01318,Region_7_Div_3,Region_7,Active
01319,Community_01319,Region_7_Div_3,Region_7,Active
01320,Community_01320,Region_7_Div_3,Region_7,Active
01321,Community_01321,Region_7_Div_3,Region_7,Active
01322,Community_01322,Region_7_Div_3,Region_7,Active
01323,Community_01323,Region_7_Div_3,Region_7,Active
01324,Community_01324,Region_7_Div_3,Region_7,Active
01325,Community_01325,Region_7_Div_3,Region_7,Active
01326,Community_01326,Region_7_Div_3,Region_7,Active
01327,Community_01327,Region_7_Div_3,Region_7,Active
01328,Community_01328,Region_7_Div_3,Region_7,Active
01329,Community_01329,Region_7_Div_3,Region_7,Active
01330,Community_01330,Region_7_Div_3,Region_7,Active
01331,Community_01331,Region_7_Div_3,Region_7,Active
01332,Community_01332,Region_7_Div_3,Region_7,Active
01333,Community_01333,Region_7_Div_3,Region_7,Active
01334,Community_01334,Region_7_Div_3,Region_7,Active
01335,Community_01335,Region_7_Div_3,Region_7,Active
01336,Community_01336,Region_7_Div_3,Region_7,Active
01337,Community_01337,Region_7_Div_3,Region_7,Active
01338,Community_01338,Region_7_Div_3,Region_7,Active
01339,Community_01339,Region_7_Div_3,Region_7,Active
01340,Community_01340,Region_7_Div_3,Region_7,Active
01341,Community_01341,Region_7_Div_3,Region_7,Active
01342,Community_01342,Region_7_Div_3,Region_7,Active
01343,Community_01343,Region_7_Div_3,Region_7,Active
01344,Community_01344,Region_7_Div_3,Region_7,Active
01345,Community_01345,Region_7_Div_3,Region_7,Active
01346,Community_01346,Region_7_Div_3,Region_7,Active
01347,Community_01347,Region_7_Div_3,Region_7,Active
01348,Community_01348,Region_7_Div_3,Region_7,Active
01349,Community_01349,Region_7_Div_3,Region_7,Active
01350,Community_01350,Region_7_Div_3,Region_7,Active
01351,Community_01351,Region_7_Div_4,Region_7,Active
01352,Community_01352,Region_7_Div_4,Region_7,Active
01353,Community_01353,Region_7_Div_4,Region_7,Active
01354,Community_01354,Region_7_Div_4,Region_7,Active
01355,Community_01355,Region_7_Div_4,Region_7,Active
01356,Community_01356,Region_7_Div_4,Region_7,Active
01357,Community_01357,Region_7_Div_4,Region_7,Active
01358,Community_01358,Region_7_Div_4,Region_7,Active
01359,Community_01359,Region_7_Div_4,Region_7,Active
01360,Community_01360,Region_7_Div_4,Region_7,Active
01361,Community_01361,Region_7_Div_4,Region_7,Active
01362,Community_01362,Region_7_Div_4,Region_7,Active
01363,Community_01363,Region_7_Div_4,Region_7,Active
01364,Community_01364,Region_7_Div_4,Region_7,Active
01365,Community_01365,Region_7_Div_4,Region_7,Active
01366,Community_01366,Region_7_Div_4,Region_7,Active
01367,Community_01367,Region_7_Div_4,Region_7,Active
01368,Community_01368,Region_7_Div_4,Region_7,Active
01369,Community_01369,Region_7_Div_4,Region_7,Active
01370,Community_01370,Region_7_Div_4,Region_7,Active
01371,Community_01371,Region_7_Div_4,Region_7,Active
01372,Community_01372,Region_7_Div_4,Region_7,Active
01373,Community_01373,Region_7_Div_4,Region_7,Active
01374,Community_01374,Region_7_Div_4,Region_7,Active
01375,Community_01375,Region_7_Div_4,Region_7,Active
01376,Community_01376,Region_7_Div_4,Region_7,Active
01377,Community_01377,Region_7_Div_4,Region_7,Active
01378,Community_01378,Region_7_Div_4,Region_7,Active
01379,Community_01379,Region_7_Div_4,Region_7,Active
01380,Community_01380,Region_7_Div_4,Region_7,Active
01381,Community_01381,Region_7_Div_4,Region_7,Active
01382,Community_01382,Region_7_Div_4,Region_7,Active
01383,Community_01383,Region_7_Div_4,Region_7,Active
01384,Community_01384,Region_7_Div_4,Region_7,Active
01385,Community_01385,Region_7_Div_4,Region_7,Active
01386,Community_01386,Region_7_Div_4,Region_7,Active
01387,Community_01387,Region_7_Div_4,Region_7,Active
01388,Community_01388,Region_7_Div_4,Region_7,Active
01389,Community_01389,Region_7_Div_4,Region_7,Active
01390,Community_01390,Region_7_Div_4,Region_7,Active
01391,Community_01391,Region_7_Div_4,Region_7,Active
01392,Community_01392,Region_7_Div_4,Region_7,Active
01393,Community_01393,Region_7_Div_4,Region_7,Active
01394,Community_01394,Region_7_Div_4,Region_7,Active
01395,Community_01395,Region_7_Div_4,Region_7,Active
01396,Community_01396,Region_7_Div_4,Region_7,Active
01397,Community_01397,Region_7_Div_4,Region_7,Active
01398,Community_01398,Region_7_Div_4,Region_7,Active
01399,Community_01399,Region_7_Div_4,Region_7,Active
01400,Community_01400,Region_7_Div_4,Region_7,Active
01401,Community_01401,Region_8_Div_1,Region_8,Active
01402,Community_01402,Region_8_Div_1,Region_8,Active
01403,Community_01403,Region_8_Div_1,Region_8,Active
01404,Community_01404,Region_8_Div_1,Region_8,Active
01405,Community_01405,Region_8_Div_1,Region_8,Active
01406,Community_01406,Region_8_Div_1,Region_8,Active
01407,Community_01407,Region_8_Div_1,Region_8,Active
01408,Community_01408,Region_8_Div_1,Region_8,Active
01409,Community_01409,Region_8_Div_1,Region_8,Active
01410,Community_01410,Region_8_Div_1,Region_8,Active
01411,Community_01411,Region_8_Div_1,Region_8,Active
01412,Community_01412,Region_8_Div_1,Region_8,Active
01413,Community_01413,Region_8_Div_1,Region_8,Active
01414,Community_01414,Region_8_Div_1,Region_8,Active
01415,Community_01415,Region_8_Div_1,Region_8,Active
01416,Community_01416,Region_8_Div_1,Region_8,Active
01417,Community_01417,Region_8_Div_1,Region_8,Active
01418,Community_01418,Region_8_Div_1,Region_8,Active
01419,Community_01419,Region_8_Div_1,Region_8,Active
01420,Community_01420,Region_8_Div_1,Region_8,Active
01421,Community_01421,Region_8_Div_1,Region_8,Active
01422,Community_01422,Region_8_Div_1,Region_8,Active
01423,Community_01423,Region_8_Div_1,Region_8,Active
01424,Community_01424,Region_8_Div_1,Region_8,Active
01425,Community_01425,Region_8_Div_1,Region_8,Active
01426,Community_01426,Region_8_Div_1,Region_8,Active
01427,Community_01427,Region_8_Div_1,Region_8,Active
01428,Community_01428,Region_8_Div_1,Region_8,Active
01429,Community_01429,Region_8_Div_1,Region_8,Active
01430,Community_01430,Region_8_Div_1,Region_8,Active
01431,Community_01431,Region_8_Div_1,Region_8,Active
01432,Community_01432,Region_8_Div_1,Region_8,Active
01433,Community_01433,Region_8_Div_1,Region_8,Active
01434,Community_01434,Region_8_Div_1,Region_8,Active
01435,Community_01435,Region_8_Div_1,Region_8,Active
01436,Community_01436,Region_8_Div_1,Region_8,Active
01437,Community_01437,Region_8_Div_1,Region_8,Active
01438,Community_01438,Region_8_Div_1,Region_8,Active
01439,Community_01439,Region_8_Div_1,Region_8,Active
01440,Community_01440,Region_8_Div_1,Region_8,Active
01441,Community_01441,Region_8_Div_1,Region_8,Active
01442,Community_01442,Region_8_Div_1,Region_8,Active
01443,Community_01443,Region_8_Div_1,Region_8,Active
01444,Community_01444,Region_8_Div_1,Region_8,Active
01445,Community_01445,Region_8_Div_1,Region_8,Active
01446,Community_01446,Region_8_Div_1,Region_8,Active
01447,Community_01447,Region_8_Div_1,Region_8,Active
01448,Community_01448,Region_8_Div_1,Region_8,Active
01449,Community_01449,Region_8_Div_1,Region_8,Active
01450,Community_01450,Region_8_Div_1,Region_8,Active
01451,Community_01451,Region_8_Div_2,Region_8,Active
01452,Community_01452,Region_8_Div_2,Region_8,Active
01453,Community_01453,Region_8_Div_2,Region_8,Active
01454,Community_01454,Region_8_Div_2,Region_8,Active
01455,Community_01455,Region_8_Div_2,Region_8,Active
01456,Community_01456,Region_8_Div_2,Region_8,Active
01457,Community_01457,Region_8_Div_2,Region_8,Active
01458,Community_01458,Region_8_Div_2,Region_8,Active
01459,Community_01459,Region_8_Div_2,Region_8,Active
01460,Community_01460,Region_8_Div_2,Region_8,Active
01461,Community_01461,Region_8_Div_2,Region_8,Active
01462,Community_01462,Region_8_Div_2,Region_8,Active
01463,Community_01463,Region_8_Div_2,Region_8,Active
01464,Community_01464,Region_8_Div_2,Region_8,Active
01465,Community_01465,Region_8_Div_2,Region_8,Active
01466,Community_01466,Region_8_Div_2,Region_8,Active
01467,Community_01467,Region_8_Div_2,Region_8,Active
01468,Community_01468,Region_8_Div_2,Region_8,Active
01469,Community_01469,Region_8_Div_2,Region_8,Active
01470,Community_01470,Region_8_Div_2,Region_8,Active
01471,Community_01471,Region_8_Div_2,Region_8,Active
01472,Community_01472,Region_8_Div_2,Region_8,Active
01473,Community_01473,Region_8_Div_2,Region_8,Active
01474,Community_01474,Region_8_Div_2,Region_8,Active
01475,Community_01475,Region_8_Div_2,Region_8,Active
01476,Community_01476,Region_8_Div_2,Region_8,Active
01477,Community_01477,Region_8_Div_2,Region_8,Active
01478,Community_01478,Region_8_Div_2,Region_8,Active
01479,Community_01479,Region_8_Div_2,Region_8,Active
01480,Community_01480,Region_8_Div_2,Region_8,Active
01481,Community_01481,Region_8_Div_2,Region_8,Active
01482,Community_01482,Region_8_Div_2,Region_8,Active
01483,Community_01483,Region_8_Div_2,Region_8,Active
01484,Community_01484,Region_8_Div_2,Region_8,Active
01485,Community_01485,Region_8_Div_2,Region_8,Active
01486,Community_01486,Region_8_Div_2,Region_8,Active
01487,Community_01487,Region_8_Div_2,Region_8,Active
01488,Community_01488,Region_8_Div_2,Region_8,Active
01489,Community_01489,Region_8_Div_2,Region_8,Active
01490,Community_01490,Region_8_Div_2,Region_8,Active
01491,Community_01491,Region_8_Div_2,Region_8,Active
01492,Community_01492,Region_8_Div_2,Region_8,Active
01493,Community_01493,Region_8_Div_2,Region_8,Active
01494,Community_01494,Region_8_Div_2,Region_8,Active
01495,Community_01495,Region_8_Div_2,Region_8,Active
01496,Community_01496,Region_8_Div_2,Region_8,Active
01497,Community_01497,Region_8_Div_2,Region_8,Active
01498,Community_01498,Region_8_Div_2,Region_8,Active
01499,Community_01499,Region_8_Div_2,Region_8,Active
01500,Community_01500,Region_8_Div_2,Region_8,Active
01501,Community_01501,Region_8_Div_3,Region_8,Active
01502,Community_01502,Region_8_Div_3,Region_8,Active
01503,Community_01503,Region_8_Div_3,Region_8,Active
01504,Community_01504,Region_8_Div_3,Region_8,Active
01505,Community_01505,Region_8_Div_3,Region_8,Active
01506,Community_01506,Region_8_Div_3,Region_8,Active
01507,Community_01507,Region_8_Div_3,Region_8,Active
01508,Community_01508,Region_8_Div_3,Region_8,Active
01509,Community_01509,Region_8_Div_3,Region_8,Active
01510,Community_01510,Region_8_Div_3,Region_8,Active
01511,Community_01511,Region_8_Div_3,Region_8,Active
01512,Community_01512,Region_8_Div_3,Region_8,Active
01513,Community_01513,Region_8_Div_3,Region_8,Active
01514,Community_01514,Region_8_Div_3,Region_8,Active
01515,Community_01515,Region_8_Div_3,Region_8,Active
01516,Community_01516,Region_8_Div_3,Region_8,Active
01517,Community_01517,Region_8_Div_3,Region_8,Active
01518,Community_01518,Region_8_Div_3,Region_8,Active
01519,Community_01519,Region_8_Div_3,Region_8,Active
01520,Community_01520,Region_8_Div_3,Region_8,Active
01521,Community_01521,Region_8_Div_3,Region_8,Active
01522,Community_01522,Region_8_Div_3,Region_8,Active
01523,Community_01523,Region_8_Div_3,Region_8,Active
01524,Community_01524,Region_8_Div_3,Region_8,Active
01525,Community_01525,Region_8_Div_3,Region_8,Active
01526,Community_01526,Region_8_Div_3,Region_8,Active
01527,Community_01527,Region_8_Div_3,Region_8,Active
01528,Community_01528,Region_8_Div_3,Region_8,Active
01529,Community_01529,Region_8_Div_3,Region_8,Active
01530,Community_01530,Region_8_Div_3,Region_8,Active
01531,Community_01531,Region_8_Div_3,Region_8,Active
01532,Community_01532,Region_8_Div_3,Region_8,Active
01533,Community_01533,Region_8_Div_3,Region_8,Active
01534,Community_01534,Region_8_Div_3,Region_8,Active
01535,Community_01535,Region_8_Div_3,Region_8,Active
01536,Community_01536,Region_8_Div_3,Region_8,Active
01537,Community_01537,Region_8_Div_3,Region_8,Active
01538,Community_01538,Region_8_Div_3,Region_8,Active
01539,Community_01539,Region_8_Div_3,Region_8,Active
01540,Community_01540,Region_8_Div_3,Region_8,Active
01541,Community_01541,Region_8_Div_3,Region_8,Active
01542,Community_01542,Region_8_Div_3,Region_8,Active
01543,Community_01543,Region_8_Div_3,Region_8,Active
01544,Community_01544,Region_8_Div_3,Region_8,Active
01545,Community_01545,Region_8_Div_3,Region_8,Active
01546,Community_01546,Region_8_Div_3,Region_8,Active
01547,Community_01547,Region_8_Div_3,Region_8,Active
01548,Community_01548,Region_8_Div_3,Region_8,Active
01549,Community_01549,Region_8_Div_3,Region_8,Active
01550,Community_01550,Region_8_Div_3,Region_8,Active
01551,Community_01551,Region_8_Div_4,Region_8,Active
01552,Community_01552,Region_8_Div_4,Region_8,Active
01553,Community_01553,Region_8_Div_4,Region_8,Active
01554,Community_01554,Region_8_Div_4,Region_8,Active
01555,Community_01555,Region_8_Div_4,Region_8,Active
01556,Community_01556,Region_8_Div_4,Region_8,Active
01557,Community_01557,Region_8_Div_4,Region_8,Active
01558,Community_01558,Region_8_Div_4,Region_8,Active
01559,Community_01559,Region_8_Div_4,Region_8,Active
01560,Community_01560,Region_8_Div_4,Region_8,Active
01561,Community_01561,Region_8_Div_4,Region_8,Active
01562,Community_01562,Region_8_Div_4,Region_8,Active
01563,Community_01563,Region_8_Div_4,Region_8,Active
01564,Community_01564,Region_8_Div_4,Region_8,Active
01565,Community_01565,Region_8_Div_4,Region_8,Active
01566,Community_01566,Region_8_Div_4,Region_8,Active
01567,Community_01567,Region_8_Div_4,Region_8,Active
01568,Community_01568,Region_8_Div_4,Region_8,Active
01569,Community_01569,Region_8_Div_4,Region_8,Active
01570,Community_01570,Region_8_Div_4,Region_8,Active
01571,Community_01571,Region_8_Div_4,Region_8,Active
01572,Community_01572,Region_8_Div_4,Region_8,Active
01573,Community_01573,Region_8_Div_4,Region_8,Active
01574,Community_01574,Region_8_Div_4,Region_8,Active
01575,Community_01575,Region_8_Div_4,Region_8,Active
01576,Community_01576,Region_8_Div_4,Region_8,Active
01577,Community_01577,Region_8_Div_4,Region_8,Active
01578,Community_01578,Region_8_Div_4,Region_8,Active
01579,Community_01579,Region_8_Div_4,Region_8,Active
01580,Community_01580,Region_8_Div_4,Region_8,Active
01581,Community_01581,Region_8_Div_4,Region_8,Active
01582,Community_01582,Region_8_Div_4,Region_8,Active
01583,Community_01583,Region_8_Div_4,Region_8,Active
01584,Community_01584,Region_8_Div_4,Region_8,Active
01585,Community_01585,Region_8_Div_4,Region_8,Active
01586,Community_01586,Region_8_Div_4,Region_8,Active
01587,Community_01587,Region_8_Div_4,Region_8,Active
01588,Community_01588,Region_8_Div_4,Region_8,Active
01589,Community_01589,Region_8_Div_4,Region_8,Active
01590,Community_01590,Region_8_Div_4,Region_8,Active
01591,Community_01591,Region_8_Div_4,Region_8,Active
01592,Community_01592,Region_8_Div_4,Region_8,Active
01593,Community_01593,Region_8_Div_4,Region_8,Active
01594,Community_01594,Region_8_Div_4,Region_8,Active
01595,Community_01595,Region_8_Div_4,Region_8,Active
01596,Community_01596,Region_8_Div_4,Region_8,Active
01597,Community_01597,Region_8_Div_4,Region_8,Active
01598,Community_01598,Region_8_Div_4,Region_8,Active
01599,Community_01599,Region_8_Div_4,Region_8,Active
01600,Community_01600,Region_8_Div_4,Region_8,Active
